user_id,buzz_id,created_at
a2f757ed-e46e-4b13-9137-17ec0e376e99,133e2aaf-201b-4f95-8ba0-6431a4d05968,2024-12-02T15:15:32Z
fec7dbb7-f0d3-497d-8547-3da0e168b94d,8064c2c2-a4b7-44d1-a594-8d53843b595f,2024-10-25T18:56:27Z
9ce7bb02-5080-42c6-a2a7-68029928653b,5bbd1581-e65f-4ed4-addd-95f905a23dac,2024-12-02T18:52:13Z
3ba0b4a5-eed8-4ce2-9082-e219ab082b3c,e4217ed6-d8cd-44e8-aba6-04fb1866cf2d,2024-11-21T19:28:37Z
7e511f2a-4db9-4423-a1d4-ba444c67632c,813549cc-c36b-45b6-bfeb-e0d86a096edf,2024-12-19T17:45:35Z
7c25480c-66e3-40ba-9736-52fd9b4e3bf5,c6fc63e6-074d-4967-bc0a-7f6c45d5949d,2024-11-11T18:20:27Z
516dfda9-db8c-48b3-af55-1e160b05d25f,624626f9-6c11-4da4-b240-b75e04129c9a,2024-10-19T15:35:56Z
f0d4de1c-97bb-43f8-9793-f15360ff2b85,0e445044-c7d0-4757-bbda-6ad684225bca,2024-12-28T18:32:22Z
3ba0b4a5-eed8-4ce2-9082-e219ab082b3c,f32c681c-7df5-4d88-bc28-fec2ebb6943b,2024-11-03T16:24:09Z
c7f140e0-7397-46c1-a959-be4620f80d7f,fd73c185-8073-4c4d-b459-cc595c4bcdaf,2024-11-25T14:00:39Z
2c95b97f-011e-418d-8015-122c06b2c69c,a08dfca4-273c-468f-a664-2bdb25d67551,2024-10-26T18:03:44Z
a8c76b4f-b8b1-458c-ab43-0bfcf69e9957,d18e486e-2c93-45b2-b1c4-0822f424981f,2024-12-09T16:28:14Z
59c589e0-2075-4fcc-8e27-c3603ab6c7a5,31e550de-a1af-4b25-8101-5660d130f76d,2025-01-01T10:31:29Z
7e511f2a-4db9-4423-a1d4-ba444c67632c,d3cf6f7f-b25d-41ce-9363-e39f7fab7b1a,2024-11-01T11:45:02Z
ffa175c1-af0c-472a-ac66-19795a9d3565,a08dfca4-273c-468f-a664-2bdb25d67551,2024-10-29T14:17:49Z
d2517aad-2167-4097-af1b-9d487c294fbd,f81066b0-e25f-461b-9490-a7d4562eeccb,2024-10-15T15:53:55Z
9bd42fe3-f689-4161-8196-a12ca530cc4a,21a40853-68d0-4c41-89c9-e6029c5015f5,2024-10-12T12:05:29Z
b10e9092-2f34-4cae-94eb-c99b6c2f2649,d26dc5c5-247f-4466-bb59-dc9e39c8a9be,2024-10-29T16:22:59Z
24cb5cb0-82da-4d1f-a481-4b078da2a350,c5dd7259-6002-454d-bf2b-700a692c92db,2024-10-14T14:54:42Z
9ce7bb02-5080-42c6-a2a7-68029928653b,df167119-0e4e-412e-831f-4e3bd2f318c6,2024-12-05T12:26:55Z
21aacf75-c33a-4108-88f5-8f0e835017c4,a3c17f15-68cf-4039-9219-67de465be492,2024-10-05T19:24:41Z
3f1a1f8f-efe1-4aaf-b040-bf49ae8b9f87,b858e358-3716-48c2-8da2-7923bfa08d4b,2024-11-27T15:09:25Z
8bedae15-b6a3-4315-8db8-eeb75dc9e69a,4879936d-5722-4c1f-a5be-c4fb45f48011,2024-12-11T11:51:04Z
df9a26f8-da1a-4d41-9ac3-7e1422ac82c9,3870bb9b-6d9e-4623-b19c-ec06d9d5a23b,2024-12-28T18:45:50Z
21430b64-3cfb-46c4-aa68-762d56e279f3,46692acf-d38a-4b49-9dfc-bd24dd13f231,2024-11-27T10:47:07Z
b10e9092-2f34-4cae-94eb-c99b6c2f2649,d4de365b-20ef-4843-9bcc-00079a01b2b0,2024-11-10T19:58:50Z
9ce7bb02-5080-42c6-a2a7-68029928653b,1ca4b2cc-1f63-4dde-b0ca-8da51b470128,2024-12-06T16:53:03Z
5e9f81d4-e70a-44c1-b72b-2393218a3eae,939f8062-2d50-454e-85a7-7e46773732c4,2024-12-08T18:45:03Z
8db435f0-69d4-40bd-876e-026cb9e01de1,12865faa-203e-4215-a0f3-532d325005a4,2024-11-01T13:56:07Z
6b26e9d1-8cd2-4cfa-9f01-a0a652d3bc50,54fffddd-5e75-4519-964e-72e2d9d3fcbf,2024-10-04T18:56:56Z
08153924-525f-4382-b21d-b304cff726ca,1ca952d8-84e8-4e02-915f-42d71ed12440,2024-12-14T15:11:42Z
49410d70-6982-4f0a-b28d-17f7c11f25d9,68cc044e-209c-4df0-a6bc-57ce409f1116,2024-12-18T16:23:53Z
77789e4d-6897-4515-93f8-b4483e0991da,b9508f7a-138e-4170-8a5a-291730809427,2024-12-02T15:02:16Z
7e511f2a-4db9-4423-a1d4-ba444c67632c,241ea10a-e9c6-4253-b9c2-ee4eacd673cd,2024-10-27T15:49:26Z
f8ca2d09-990f-4408-bdfc-a0982d9e8a23,cc927883-8896-47ad-a41d-b9109c9383b3,2024-10-12T18:26:54Z
fd7a43bb-a26d-44d6-95f5-d513de7bb7c3,654b8470-4967-4802-87b1-e924721dcf75,2024-11-21T11:02:54Z
6b26e9d1-8cd2-4cfa-9f01-a0a652d3bc50,bf7f947a-8988-4774-8f2b-7fafea68587f,2024-11-10T16:57:24Z
772cfc97-489d-4105-b1f2-2274c9433e4f,d62fc015-56a9-4705-a17e-df6b1b6bf27e,2024-11-14T17:31:34Z
cc1a9863-4dc2-49cd-83e4-9c1964f639f6,624626f9-6c11-4da4-b240-b75e04129c9a,2024-10-21T17:06:17Z
7fdfb1f0-58bc-4330-9bb4-09ffa0d587a2,59d71c08-cad3-4bd5-a1b6-5283bd56dc64,2024-10-06T13:22:04Z
9bd42fe3-f689-4161-8196-a12ca530cc4a,133e2aaf-201b-4f95-8ba0-6431a4d05968,2024-12-05T10:15:10Z
88bc295e-cabc-483b-baa4-aef568a28cba,8fbda203-1248-4a99-b653-6d4baf8e1cbc,2024-11-06T13:26:36Z
5c16fb00-4875-4fcf-bc1a-cd9a61c10420,929fe947-a8eb-4305-9a99-02cc205510ce,2024-11-04T18:14:34Z
e64ab892-a46c-4db8-84c3-86a00fafdbb2,fb094333-d5f0-4e70-bd2f-10978bad821a,2024-10-31T14:00:58Z
754f0faf-2a76-4132-bc0e-2a9b73ffddf7,5d647964-2c3c-4322-9404-13da47921895,2024-12-16T16:41:53Z
6b26e9d1-8cd2-4cfa-9f01-a0a652d3bc50,85612193-cd46-4787-974f-5991a0eb8805,2024-11-03T18:08:54Z
f0d4de1c-97bb-43f8-9793-f15360ff2b85,7ee262b3-bea1-48c5-b84d-4369d7cccb59,2024-12-03T10:18:52Z
a5fd4561-40ed-45d8-93e0-5ac53abf3cbc,0428823c-66ec-4394-b756-23a3ae449fcd,2024-10-31T12:06:44Z
de1a02dc-0974-4a93-9a34-3e13e7d5bcc9,f81066b0-e25f-461b-9490-a7d4562eeccb,2024-10-15T14:14:04Z
fc09727d-7317-45d6-bbbb-ca19a044b567,5ce961d2-9299-4d78-a416-f171a4bb112a,2024-11-17T18:08:58Z
08153924-525f-4382-b21d-b304cff726ca,e4217ed6-d8cd-44e8-aba6-04fb1866cf2d,2024-11-23T12:26:45Z
79f3f279-2052-4c90-b18f-6439649ee202,5ce961d2-9299-4d78-a416-f171a4bb112a,2024-11-18T10:12:48Z
61a0be04-ae03-447d-8b7a-98ab190ac7e8,69a882b6-316b-4545-96df-7e93b3b5fe37,2024-12-11T10:07:41Z
d1412e8e-e3fa-4ab9-8036-f0932e89c2a5,027ad115-025b-4153-8c1c-f78bd1aeef3d,2024-11-26T10:18:34Z
a2f757ed-e46e-4b13-9137-17ec0e376e99,15423fed-4ab7-4e6f-a357-d7bb71e047ed,2024-11-09T13:43:51Z
7e511f2a-4db9-4423-a1d4-ba444c67632c,eba439ed-4221-4d0a-a1c9-5d048f612654,2024-10-08T18:21:40Z
ffa175c1-af0c-472a-ac66-19795a9d3565,abcbadd2-6354-4939-9684-ff0e1a50124c,2024-11-24T10:37:39Z
c7f140e0-7397-46c1-a959-be4620f80d7f,76c71e5a-c7fe-4aec-aeaf-f96b6d73945a,2024-12-15T19:53:39Z
797541c8-6294-47b7-9f00-430af6d919c6,f8bb2028-b98c-4801-8043-abeee46a6859,2024-12-15T19:37:46Z
772cfc97-489d-4105-b1f2-2274c9433e4f,6342d87b-3c95-4889-980d-78012edbb690,2024-11-06T18:12:41Z
b10e9092-2f34-4cae-94eb-c99b6c2f2649,ebf9cd9c-a34c-47af-8824-bac71a813246,2024-10-19T18:44:58Z
ffa175c1-af0c-472a-ac66-19795a9d3565,ec7f57fb-0922-4382-a8b9-4d14cb95dae8,2024-12-03T15:31:47Z
e64ab892-a46c-4db8-84c3-86a00fafdbb2,59257959-cb7e-4f05-b730-8a7372499a51,2024-10-27T17:20:31Z
e72abd83-97d6-4bc7-9c1e-4508c460fcf2,24c564aa-93f1-4735-b257-a80e56686a94,2024-11-28T10:16:02Z
88bc295e-cabc-483b-baa4-aef568a28cba,bede8189-657b-4fcc-850d-22858f398929,2024-12-16T12:17:33Z
d6e6e166-357f-49de-888f-afb4930f0e45,5fee8d3a-d517-46fb-8fe4-95635d6167fb,2024-11-02T10:56:25Z
8bedae15-b6a3-4315-8db8-eeb75dc9e69a,4955acbf-c8ea-4b23-af91-cebe364cdb15,2024-12-18T11:37:05Z
49410d70-6982-4f0a-b28d-17f7c11f25d9,e8ad76eb-9e49-41dc-a223-161d411388da,2024-12-19T14:34:56Z
7fdfb1f0-58bc-4330-9bb4-09ffa0d587a2,abcbadd2-6354-4939-9684-ff0e1a50124c,2024-11-24T19:57:18Z
47e90e7e-322d-443f-8d54-c418c5213108,d984660f-e277-47de-8ee7-7749665b2448,2024-10-11T14:06:23Z
e72abd83-97d6-4bc7-9c1e-4508c460fcf2,7f0fcc29-6b67-4131-bf97-df36c7e76e21,2024-12-03T14:03:20Z
772cfc97-489d-4105-b1f2-2274c9433e4f,507baf17-6f43-4e9d-abad-ad85ec079fe9,2024-12-09T19:20:26Z
5c16fb00-4875-4fcf-bc1a-cd9a61c10420,ee1c9696-104a-49e8-a512-ccd87d15c41c,2024-12-19T19:11:06Z
b10e9092-2f34-4cae-94eb-c99b6c2f2649,9e735de9-045d-4276-a100-4563bf323c25,2024-11-03T16:48:18Z
7e511f2a-4db9-4423-a1d4-ba444c67632c,ff31368d-b10b-408e-9a4a-c5b8f9ea3e4a,2024-12-03T16:58:37Z
59c589e0-2075-4fcc-8e27-c3603ab6c7a5,e56f6f82-7d91-4638-9dc0-4bd72fe2731c,2024-10-06T18:45:25Z
a5fd4561-40ed-45d8-93e0-5ac53abf3cbc,c3196438-652e-4d14-aa9f-2a8ea704a57c,2024-12-03T10:57:30Z
9bd42fe3-f689-4161-8196-a12ca530cc4a,8af5cb3b-80c2-4433-beea-6deba033d0b0,2024-11-14T13:40:51Z
6b26e9d1-8cd2-4cfa-9f01-a0a652d3bc50,c3196438-652e-4d14-aa9f-2a8ea704a57c,2024-12-03T14:06:25Z
754f0faf-2a76-4132-bc0e-2a9b73ffddf7,1ca4b2cc-1f63-4dde-b0ca-8da51b470128,2024-12-07T13:37:54Z
772cfc97-489d-4105-b1f2-2274c9433e4f,e24ec255-c8c7-4e23-971f-9da1ebfa8bf0,2024-10-31T16:18:59Z
cc1a9863-4dc2-49cd-83e4-9c1964f639f6,8fbda203-1248-4a99-b653-6d4baf8e1cbc,2024-11-06T12:41:56Z
d6e6e166-357f-49de-888f-afb4930f0e45,0428823c-66ec-4394-b756-23a3ae449fcd,2024-10-30T10:16:25Z
797541c8-6294-47b7-9f00-430af6d919c6,c890e052-a0ea-4638-a187-6574127750eb,2024-11-19T12:32:21Z
9bd42fe3-f689-4161-8196-a12ca530cc4a,56f9f749-6ed9-4282-ad8b-efced53c4fd1,2024-12-28T10:07:35Z
df9a26f8-da1a-4d41-9ac3-7e1422ac82c9,dd6f38aa-f231-4c35-9bd9-e91ac618a2fa,2024-11-29T19:26:47Z
2c95b97f-011e-418d-8015-122c06b2c69c,3a6df30a-47a2-420f-ae88-c75d914790c4,2024-12-09T10:57:57Z
f8ca2d09-990f-4408-bdfc-a0982d9e8a23,85612193-cd46-4787-974f-5991a0eb8805,2024-11-02T11:08:29Z
3f1a1f8f-efe1-4aaf-b040-bf49ae8b9f87,311d95ea-d21b-4cf0-8955-6c6e82fe4c8b,2024-11-05T14:44:38Z
d1412e8e-e3fa-4ab9-8036-f0932e89c2a5,cc927883-8896-47ad-a41d-b9109c9383b3,2024-10-13T15:38:47Z
59c589e0-2075-4fcc-8e27-c3603ab6c7a5,b8c6ffa2-dacb-4d93-92a0-d125ed5cb7ab,2024-11-01T14:51:54Z
772cfc97-489d-4105-b1f2-2274c9433e4f,a6366ed1-4c24-4643-9e78-0035da618b81,2024-12-03T11:57:04Z
b10e9092-2f34-4cae-94eb-c99b6c2f2649,027ad115-025b-4153-8c1c-f78bd1aeef3d,2024-11-26T16:04:09Z
7e511f2a-4db9-4423-a1d4-ba444c67632c,078fece0-c032-4dbb-b676-7b8f733faf22,2024-10-04T10:02:48Z
a2f757ed-e46e-4b13-9137-17ec0e376e99,544fc9cc-1305-4682-956a-d0755cfd471d,2024-12-09T18:47:48Z
3f1a1f8f-efe1-4aaf-b040-bf49ae8b9f87,83b18a90-393b-48af-bd95-19bd6ea38d4c,2024-12-30T10:16:11Z
fec7dbb7-f0d3-497d-8547-3da0e168b94d,544fc9cc-1305-4682-956a-d0755cfd471d,2024-12-10T10:14:36Z
bf801961-188d-43d1-b1fb-fb29fa04514f,de804fb3-d6f9-4a75-9d10-3d121f000a2c,2024-12-20T16:56:02Z
a8c76b4f-b8b1-458c-ab43-0bfcf69e9957,df167119-0e4e-412e-831f-4e3bd2f318c6,2024-12-06T10:51:42Z
d6e6e166-357f-49de-888f-afb4930f0e45,907b0afd-565f-43aa-aaca-acc030665d1a,2024-12-03T15:21:37Z
f0d4de1c-97bb-43f8-9793-f15360ff2b85,b57a2d09-d04b-481d-bf02-a2f957bed151,2024-10-03T18:31:57Z
301f1502-2107-4bb7-b4c3-f33d341f0918,b2cc6960-12c9-42b1-b614-2638cd89ab15,2024-12-08T10:00:23Z
301f1502-2107-4bb7-b4c3-f33d341f0918,20b6f4d1-71c2-486d-b909-7bb53c651346,2024-11-19T10:41:42Z
d6e6e166-357f-49de-888f-afb4930f0e45,1581fe08-6952-4455-aa8b-67b66ee3c31b,2024-12-28T12:12:23Z
f8ca2d09-990f-4408-bdfc-a0982d9e8a23,9bc34429-a65f-4018-b636-ada0dcf5cca2,2024-12-12T18:21:27Z
3edebfe3-b1e2-4f3b-8982-ab3249d6d1d8,dd870ab1-11f5-4251-80eb-223f9695d8bb,2024-11-02T11:03:07Z
c7f140e0-7397-46c1-a959-be4620f80d7f,eb1eeab1-0b6b-4c08-91f5-35f66873a732,2024-10-19T16:56:17Z
754f0faf-2a76-4132-bc0e-2a9b73ffddf7,a3126170-a5c6-464e-86b0-850004d1f914,2024-10-25T13:48:23Z
77789e4d-6897-4515-93f8-b4483e0991da,ef9892f1-c886-42f6-ad77-590031e3b336,2024-11-26T10:00:25Z
24cb5cb0-82da-4d1f-a481-4b078da2a350,c6c5ef5e-fb22-4da6-a993-6394ec44fb42,2024-12-11T12:22:34Z
a2f757ed-e46e-4b13-9137-17ec0e376e99,e145c63c-3d2e-49a9-9be2-c6e1e12e0157,2024-11-17T10:29:12Z
6b26e9d1-8cd2-4cfa-9f01-a0a652d3bc50,1f5f3357-f66d-46c4-a521-f10351d46130,2024-12-11T16:47:29Z
61a0be04-ae03-447d-8b7a-98ab190ac7e8,507baf17-6f43-4e9d-abad-ad85ec079fe9,2024-12-07T17:51:30Z
772cfc97-489d-4105-b1f2-2274c9433e4f,883c0984-f722-4ae4-9dfb-96c33df2d1bd,2024-10-19T10:43:57Z
5c16fb00-4875-4fcf-bc1a-cd9a61c10420,16bfd75b-bc97-4add-97dd-1643ba61494a,2024-11-25T13:32:32Z
03f34895-4bad-4107-92a9-d266a35d34f4,46f34379-03e8-4f9d-851b-e0274143ad83,2024-10-22T11:54:10Z
a2f757ed-e46e-4b13-9137-17ec0e376e99,d62fc015-56a9-4705-a17e-df6b1b6bf27e,2024-11-14T18:56:14Z
772cfc97-489d-4105-b1f2-2274c9433e4f,544fc9cc-1305-4682-956a-d0755cfd471d,2024-12-09T14:12:44Z
59c589e0-2075-4fcc-8e27-c3603ab6c7a5,f8848de0-7874-4078-ae75-96fe62a5c618,2024-10-27T11:26:19Z
7c25480c-66e3-40ba-9736-52fd9b4e3bf5,a7294a88-2e10-4d90-aa5d-ea8d742d6e85,2024-11-08T18:40:36Z
cc1a9863-4dc2-49cd-83e4-9c1964f639f6,5335b3c0-442d-4cef-9c86-35f457266a7b,2024-10-02T18:20:58Z
a2f757ed-e46e-4b13-9137-17ec0e376e99,68cc044e-209c-4df0-a6bc-57ce409f1116,2024-12-17T16:54:53Z
47e90e7e-322d-443f-8d54-c418c5213108,b3afd3fd-a056-4a6e-8fc3-fb17ead95ceb,2024-11-24T17:56:22Z
a5fd4561-40ed-45d8-93e0-5ac53abf3cbc,8058e405-2cd4-47e9-8159-96813e33bd1b,2024-11-16T18:02:14Z
24cb5cb0-82da-4d1f-a481-4b078da2a350,7c4bd5b7-be36-47a4-918f-843e36f24556,2025-01-02T11:35:09Z
d2517aad-2167-4097-af1b-9d487c294fbd,87a2ed25-b150-4d38-ba01-a89b042d33e5,2024-10-23T19:39:49Z
7c25480c-66e3-40ba-9736-52fd9b4e3bf5,2af93bb6-a60a-413c-9bc2-add77cac1d9d,2024-11-28T17:18:12Z
9bd42fe3-f689-4161-8196-a12ca530cc4a,96c8053e-18a4-4430-a38b-6f6170400294,2024-11-27T10:00:43Z
47e90e7e-322d-443f-8d54-c418c5213108,624626f9-6c11-4da4-b240-b75e04129c9a,2024-10-22T11:22:42Z
53c691e0-2642-4a0d-aba2-e8577e85ad77,cad64f9b-7d99-4bc0-b46d-2148a3a4bcb8,2024-10-18T14:15:01Z
e72abd83-97d6-4bc7-9c1e-4508c460fcf2,5733ecc0-e247-4f88-b868-011b8b2ff8b0,2024-12-16T17:32:55Z
df9a26f8-da1a-4d41-9ac3-7e1422ac82c9,1f5f3357-f66d-46c4-a521-f10351d46130,2024-12-11T19:20:24Z
cc1a9863-4dc2-49cd-83e4-9c1964f639f6,8af5cb3b-80c2-4433-beea-6deba033d0b0,2024-11-13T11:26:09Z
61a0be04-ae03-447d-8b7a-98ab190ac7e8,fc6a9def-cd00-42ad-8b54-1fcf1c27d9de,2024-12-03T11:41:54Z
e64ab892-a46c-4db8-84c3-86a00fafdbb2,9bc34429-a65f-4018-b636-ada0dcf5cca2,2024-12-14T14:02:12Z
61a0be04-ae03-447d-8b7a-98ab190ac7e8,dd6f38aa-f231-4c35-9bd9-e91ac618a2fa,2024-11-27T11:58:57Z
a2f757ed-e46e-4b13-9137-17ec0e376e99,11a715e4-bd5f-4d96-97c0-7357e1af279c,2024-11-08T15:16:38Z
d1412e8e-e3fa-4ab9-8036-f0932e89c2a5,50b96055-11f0-47b0-add9-ab1726975b37,2024-12-23T18:08:15Z
754f0faf-2a76-4132-bc0e-2a9b73ffddf7,507baf17-6f43-4e9d-abad-ad85ec079fe9,2024-12-09T17:18:20Z
3edebfe3-b1e2-4f3b-8982-ab3249d6d1d8,2e13d414-5282-4a4a-af03-4c4c8989c817,2024-10-23T16:19:36Z
c7f140e0-7397-46c1-a959-be4620f80d7f,c4ff2ce6-8f9e-4610-9191-0a11543314dc,2024-11-19T18:11:02Z
53c691e0-2642-4a0d-aba2-e8577e85ad77,f7038c6f-d395-4b83-8586-ce732b1bc1f2,2024-10-30T18:36:06Z
d6e6e166-357f-49de-888f-afb4930f0e45,aef82602-f9b0-4093-a34e-0534537294eb,2024-11-23T16:34:04Z
8bedae15-b6a3-4315-8db8-eeb75dc9e69a,d7d30f8e-1c76-43f4-9c20-246c6e5e63c2,2024-11-28T19:04:02Z
3edebfe3-b1e2-4f3b-8982-ab3249d6d1d8,d18e486e-2c93-45b2-b1c4-0822f424981f,2024-12-12T10:18:22Z
3f39c121-0525-4941-9ed4-7a84ef1f58da,8077ca3b-3dac-4fad-96fd-dda3407d608c,2024-10-06T11:29:59Z
7fdfb1f0-58bc-4330-9bb4-09ffa0d587a2,dd6f38aa-f231-4c35-9bd9-e91ac618a2fa,2024-11-29T15:35:32Z
2c95b97f-011e-418d-8015-122c06b2c69c,c975b693-e453-41b0-a3bf-90d30bb61ceb,2024-12-13T10:04:30Z
59c589e0-2075-4fcc-8e27-c3603ab6c7a5,078fece0-c032-4dbb-b676-7b8f733faf22,2024-10-05T11:02:29Z
797541c8-6294-47b7-9f00-430af6d919c6,16bfd75b-bc97-4add-97dd-1643ba61494a,2024-11-25T12:20:15Z
59c589e0-2075-4fcc-8e27-c3603ab6c7a5,d4de365b-20ef-4843-9bcc-00079a01b2b0,2024-11-09T14:28:05Z
d6e6e166-357f-49de-888f-afb4930f0e45,c4cc41c8-36c2-47ea-99fc-7c6f9770b152,2024-12-05T18:00:57Z
d1412e8e-e3fa-4ab9-8036-f0932e89c2a5,16bfd75b-bc97-4add-97dd-1643ba61494a,2024-11-25T16:55:53Z
88bc295e-cabc-483b-baa4-aef568a28cba,0808644e-b1ac-4687-a08f-10c2171e0fd5,2024-10-16T17:18:46Z
772cfc97-489d-4105-b1f2-2274c9433e4f,dacd92f3-5b09-4856-a93c-c63b03ca00cf,2024-12-22T12:22:58Z
2c3f978a-8ddd-4e14-8523-30c22d6196b3,c4cc41c8-36c2-47ea-99fc-7c6f9770b152,2024-12-07T10:08:47Z
8bedae15-b6a3-4315-8db8-eeb75dc9e69a,2af93bb6-a60a-413c-9bc2-add77cac1d9d,2024-11-29T14:42:17Z
79f3f279-2052-4c90-b18f-6439649ee202,6cfbe587-17cc-48d3-b990-9b202cd4c375,2024-10-27T17:04:55Z
08153924-525f-4382-b21d-b304cff726ca,80c3819d-ce2d-47fb-a6aa-eb63c3ae0737,2024-10-28T15:49:40Z
de1a02dc-0974-4a93-9a34-3e13e7d5bcc9,0808644e-b1ac-4687-a08f-10c2171e0fd5,2024-10-17T14:54:36Z
7c25480c-66e3-40ba-9736-52fd9b4e3bf5,14d2a95a-8d1b-43b0-aa81-d49e7a2bfffc,2024-10-04T19:07:23Z
8db435f0-69d4-40bd-876e-026cb9e01de1,56f9f749-6ed9-4282-ad8b-efced53c4fd1,2024-12-28T12:13:38Z
301f1502-2107-4bb7-b4c3-f33d341f0918,f32c681c-7df5-4d88-bc28-fec2ebb6943b,2024-11-04T15:25:53Z
df9a26f8-da1a-4d41-9ac3-7e1422ac82c9,f32c681c-7df5-4d88-bc28-fec2ebb6943b,2024-11-04T17:53:54Z
d2517aad-2167-4097-af1b-9d487c294fbd,d4de365b-20ef-4843-9bcc-00079a01b2b0,2024-11-08T12:32:53Z
e72abd83-97d6-4bc7-9c1e-4508c460fcf2,dabd1e89-c8de-4856-a2c0-2c39b50af51e,2024-11-23T12:09:17Z
9bd42fe3-f689-4161-8196-a12ca530cc4a,0963f12f-e457-4730-baad-8bc7c8354fb5,2024-11-14T18:47:37Z
e72abd83-97d6-4bc7-9c1e-4508c460fcf2,aef82602-f9b0-4093-a34e-0534537294eb,2024-11-22T17:49:10Z
bf801961-188d-43d1-b1fb-fb29fa04514f,eba439ed-4221-4d0a-a1c9-5d048f612654,2024-10-08T16:08:25Z
b10e9092-2f34-4cae-94eb-c99b6c2f2649,d75c8d7d-a8e9-4555-9493-2c9435bd8be2,2024-10-21T12:57:30Z
3f39c121-0525-4941-9ed4-7a84ef1f58da,9e735de9-045d-4276-a100-4563bf323c25,2024-11-03T10:03:01Z
fd7a43bb-a26d-44d6-95f5-d513de7bb7c3,8970c99e-9eb9-46fa-8655-5aa5dcb34832,2024-10-15T12:31:26Z
8db435f0-69d4-40bd-876e-026cb9e01de1,398e9e6f-2868-44f0-9d60-7504d0dd0ffe,2024-10-30T19:52:55Z
516dfda9-db8c-48b3-af55-1e160b05d25f,f751be35-e65c-4176-8bbd-bc871dc5b276,2024-11-21T16:58:17Z
ca3222f6-860b-4784-9c59-381d487fdd9c,dd6f38aa-f231-4c35-9bd9-e91ac618a2fa,2024-11-27T12:37:49Z
08153924-525f-4382-b21d-b304cff726ca,027ad115-025b-4153-8c1c-f78bd1aeef3d,2024-11-24T12:28:36Z
f8ca2d09-990f-4408-bdfc-a0982d9e8a23,c407ba49-9f1f-4aae-a0df-8141c6563748,2024-12-24T10:00:52Z
8bedae15-b6a3-4315-8db8-eeb75dc9e69a,d984660f-e277-47de-8ee7-7749665b2448,2024-10-11T17:00:56Z
2c3f978a-8ddd-4e14-8523-30c22d6196b3,5daed520-ff05-4f48-ab7c-18b36d247ff4,2024-12-13T17:14:36Z
7fdfb1f0-58bc-4330-9bb4-09ffa0d587a2,19f59581-66d8-4a09-ab57-0cd3635ac0d4,2024-12-26T10:37:05Z
a5fd4561-40ed-45d8-93e0-5ac53abf3cbc,a1cb34d7-dbf3-4521-b22e-2df346660caf,2024-11-15T12:58:08Z
516dfda9-db8c-48b3-af55-1e160b05d25f,aef82602-f9b0-4093-a34e-0534537294eb,2024-11-22T19:51:33Z
f0d4de1c-97bb-43f8-9793-f15360ff2b85,ebf9cd9c-a34c-47af-8824-bac71a813246,2024-10-17T19:30:21Z
de1a02dc-0974-4a93-9a34-3e13e7d5bcc9,a5aff226-29ec-4b9d-9ebf-64f342ea1df2,2024-12-03T19:41:31Z
2fe5a8bf-e9fa-4099-bbe4-b2d8e16e2941,2238fe08-c6f1-4d3d-b04f-2b085b285fa3,2024-12-14T15:08:47Z
e72abd83-97d6-4bc7-9c1e-4508c460fcf2,1ca952d8-84e8-4e02-915f-42d71ed12440,2024-12-12T19:45:17Z
797541c8-6294-47b7-9f00-430af6d919c6,5d647964-2c3c-4322-9404-13da47921895,2024-12-15T17:25:47Z
2c3f978a-8ddd-4e14-8523-30c22d6196b3,9f3891fc-6555-49f6-ae2c-c6840a293028,2024-11-13T17:12:10Z
b10e9092-2f34-4cae-94eb-c99b6c2f2649,c4cc41c8-36c2-47ea-99fc-7c6f9770b152,2024-12-04T15:21:07Z
797541c8-6294-47b7-9f00-430af6d919c6,8a35790c-a945-4e0d-af86-3c24a4c9ec83,2024-12-26T10:16:58Z
7e511f2a-4db9-4423-a1d4-ba444c67632c,76fef3df-67e8-4c46-9db8-2e03e8a62f22,2024-12-07T10:19:50Z
21aacf75-c33a-4108-88f5-8f0e835017c4,ad779afb-222a-4245-8eaf-b90aab82f1d4,2024-12-12T13:25:44Z
f040d8a6-0f9a-43eb-bfee-923def87bb19,1d55b3b2-70ad-4830-bb9f-eaaf438a50c3,2024-12-13T16:51:33Z
301f1502-2107-4bb7-b4c3-f33d341f0918,3870bb9b-6d9e-4623-b19c-ec06d9d5a23b,2024-12-26T13:56:02Z
de1a02dc-0974-4a93-9a34-3e13e7d5bcc9,a9b19081-b477-4087-811f-02d63934f61d,2024-11-21T19:56:29Z
a8c76b4f-b8b1-458c-ab43-0bfcf69e9957,07d4e6fe-bc2f-454e-a8bd-0e57797b3de1,2024-11-29T16:26:57Z
47e90e7e-322d-443f-8d54-c418c5213108,46f34379-03e8-4f9d-851b-e0274143ad83,2024-10-23T12:27:00Z
de1a02dc-0974-4a93-9a34-3e13e7d5bcc9,654b8470-4967-4802-87b1-e924721dcf75,2024-11-21T12:33:52Z
3f1a1f8f-efe1-4aaf-b040-bf49ae8b9f87,abcbadd2-6354-4939-9684-ff0e1a50124c,2024-11-25T13:47:33Z
fec7dbb7-f0d3-497d-8547-3da0e168b94d,171169c8-b1a0-4f90-8372-381f09aa3032,2024-11-14T10:38:21Z
f8ca2d09-990f-4408-bdfc-a0982d9e8a23,fd73c185-8073-4c4d-b459-cc595c4bcdaf,2024-11-27T13:22:18Z
2c95b97f-011e-418d-8015-122c06b2c69c,ae7206a4-c991-4d41-a54f-d245b43d1074,2024-10-31T15:02:00Z
df9a26f8-da1a-4d41-9ac3-7e1422ac82c9,8af5cb3b-80c2-4433-beea-6deba033d0b0,2024-11-12T17:52:38Z
79f3f279-2052-4c90-b18f-6439649ee202,b8b7ddc8-3275-4805-8f7e-a308e9154f47,2024-10-25T16:10:23Z
797541c8-6294-47b7-9f00-430af6d919c6,f751be35-e65c-4176-8bbd-bc871dc5b276,2024-11-22T10:58:51Z
08153924-525f-4382-b21d-b304cff726ca,12865faa-203e-4215-a0f3-532d325005a4,2024-10-30T12:44:36Z
e72abd83-97d6-4bc7-9c1e-4508c460fcf2,069cc31f-0bcc-4cf7-a87a-1affe4412bde,2024-11-16T16:11:39Z
79f3f279-2052-4c90-b18f-6439649ee202,081f5aca-bf6c-4ace-9183-f2ccde3a7f61,2024-10-18T19:59:58Z
21430b64-3cfb-46c4-aa68-762d56e279f3,813549cc-c36b-45b6-bfeb-e0d86a096edf,2024-12-22T11:33:04Z
ca3222f6-860b-4784-9c59-381d487fdd9c,5d7f9785-11e9-4733-843e-0e4d540b201f,2024-11-24T16:01:53Z
f0d4de1c-97bb-43f8-9793-f15360ff2b85,b858e358-3716-48c2-8da2-7923bfa08d4b,2024-11-26T12:20:16Z
a5fd4561-40ed-45d8-93e0-5ac53abf3cbc,fd73c185-8073-4c4d-b459-cc595c4bcdaf,2024-11-28T15:29:18Z
77789e4d-6897-4515-93f8-b4483e0991da,f08fc85b-d1e8-4075-afd9-aa8e713c8d01,2024-12-19T15:40:06Z
f0d4de1c-97bb-43f8-9793-f15360ff2b85,5d7f9785-11e9-4733-843e-0e4d540b201f,2024-11-23T18:59:53Z
516dfda9-db8c-48b3-af55-1e160b05d25f,1d1d8c15-411e-46cc-a1cf-67c74b56ac27,2024-12-04T16:14:06Z
8db435f0-69d4-40bd-876e-026cb9e01de1,b57a2d09-d04b-481d-bf02-a2f957bed151,2024-10-04T12:12:47Z
21aacf75-c33a-4108-88f5-8f0e835017c4,4663b0e3-b657-4210-a17a-9a5642da342e,2024-11-05T17:44:06Z
ffa175c1-af0c-472a-ac66-19795a9d3565,027ad115-025b-4153-8c1c-f78bd1aeef3d,2024-11-23T14:10:07Z
9bd42fe3-f689-4161-8196-a12ca530cc4a,b8b7ddc8-3275-4805-8f7e-a308e9154f47,2024-10-25T11:50:07Z
df9a26f8-da1a-4d41-9ac3-7e1422ac82c9,06dbcc5f-9dff-45f3-937a-87dece03bfcb,2024-12-31T17:27:05Z
ca3222f6-860b-4784-9c59-381d487fdd9c,5abaceb0-672a-4b8a-8e78-637c2409a81a,2024-12-27T13:16:38Z
516dfda9-db8c-48b3-af55-1e160b05d25f,f539c647-d37d-4ed4-8b25-961ba15d7c9e,2024-11-03T10:19:23Z
797541c8-6294-47b7-9f00-430af6d919c6,6342d87b-3c95-4889-980d-78012edbb690,2024-11-05T16:57:24Z
a2f757ed-e46e-4b13-9137-17ec0e376e99,20aeab68-91a7-4a41-a124-bed46b910443,2024-12-21T10:57:13Z
53c691e0-2642-4a0d-aba2-e8577e85ad77,951798ef-3401-4535-b60f-954ffa02c893,2024-12-13T17:32:51Z
3ba0b4a5-eed8-4ce2-9082-e219ab082b3c,24c564aa-93f1-4735-b257-a80e56686a94,2024-11-28T10:05:48Z
8bedae15-b6a3-4315-8db8-eeb75dc9e69a,83b18a90-393b-48af-bd95-19bd6ea38d4c,2024-12-30T16:41:18Z
08153924-525f-4382-b21d-b304cff726ca,8a35790c-a945-4e0d-af86-3c24a4c9ec83,2024-12-27T19:12:43Z
47e90e7e-322d-443f-8d54-c418c5213108,ad779afb-222a-4245-8eaf-b90aab82f1d4,2024-12-13T17:42:52Z
7c25480c-66e3-40ba-9736-52fd9b4e3bf5,08a56c9f-ec84-4f47-b2c9-1a54ce0512d7,2024-10-22T10:36:23Z
772cfc97-489d-4105-b1f2-2274c9433e4f,6656e675-055c-487a-a96a-fc128d4709af,2024-10-22T15:09:36Z
5c16fb00-4875-4fcf-bc1a-cd9a61c10420,9f9d1554-b9a3-4736-9e54-3da84ee924fb,2024-12-12T18:03:08Z
7c25480c-66e3-40ba-9736-52fd9b4e3bf5,edaa750c-1c80-4ec7-bb6f-3ba8ddbc8c2f,2024-10-19T14:03:10Z
21430b64-3cfb-46c4-aa68-762d56e279f3,5f5da508-4116-4a7b-b23d-359b3721cf5e,2024-12-07T16:07:04Z
fd7a43bb-a26d-44d6-95f5-d513de7bb7c3,5ebec42a-dd30-48b9-afd0-38563bbb306d,2024-12-24T15:37:47Z
fd7a43bb-a26d-44d6-95f5-d513de7bb7c3,f255cc31-d44c-4a06-8fa5-a22de9e1b909,2024-11-26T19:56:24Z
ebb9e125-5b1f-4735-80e3-2756c5ae390a,89e3f829-4d9d-4a83-8e17-9c8a2d048b69,2024-10-10T17:13:14Z
7e511f2a-4db9-4423-a1d4-ba444c67632c,15009d8f-05c0-4a80-a306-ea9d47bd5b1f,2024-12-08T13:02:43Z
08153924-525f-4382-b21d-b304cff726ca,8077ca3b-3dac-4fad-96fd-dda3407d608c,2024-10-06T17:36:24Z
7c25480c-66e3-40ba-9736-52fd9b4e3bf5,16bfd75b-bc97-4add-97dd-1643ba61494a,2024-11-26T17:26:24Z
bbf93f8f-1566-45fe-bb17-0804006510c6,20aeab68-91a7-4a41-a124-bed46b910443,2024-12-21T15:38:34Z
9bd42fe3-f689-4161-8196-a12ca530cc4a,a3c17f15-68cf-4039-9219-67de465be492,2024-10-05T19:33:23Z
301f1502-2107-4bb7-b4c3-f33d341f0918,464b7d8c-5e9c-412b-82cf-6fc84c72e686,2024-10-31T16:24:51Z
9bd42fe3-f689-4161-8196-a12ca530cc4a,5d7f9785-11e9-4733-843e-0e4d540b201f,2024-11-23T14:48:52Z
7fdfb1f0-58bc-4330-9bb4-09ffa0d587a2,1a61898e-da8c-4cb6-9b52-9eb9f831b2f7,2024-12-31T14:53:39Z
61a0be04-ae03-447d-8b7a-98ab190ac7e8,89e3f829-4d9d-4a83-8e17-9c8a2d048b69,2024-10-10T15:15:27Z
a8c76b4f-b8b1-458c-ab43-0bfcf69e9957,027ad115-025b-4153-8c1c-f78bd1aeef3d,2024-11-25T14:08:58Z
d2517aad-2167-4097-af1b-9d487c294fbd,879dde7d-b119-438c-b60e-edfda53bb5b3,2024-11-23T10:26:43Z
d1412e8e-e3fa-4ab9-8036-f0932e89c2a5,54112089-cc81-4538-a044-71406201b737,2024-12-28T17:03:29Z
24cb5cb0-82da-4d1f-a481-4b078da2a350,5f5da508-4116-4a7b-b23d-359b3721cf5e,2024-12-08T11:19:21Z
ebb9e125-5b1f-4735-80e3-2756c5ae390a,3dfa31c4-beb5-409b-9f1a-9504e065ab1e,2024-11-23T10:48:47Z
59c589e0-2075-4fcc-8e27-c3603ab6c7a5,d62fc015-56a9-4705-a17e-df6b1b6bf27e,2024-11-15T16:39:34Z
5c16fb00-4875-4fcf-bc1a-cd9a61c10420,5cb15a0d-bc47-45ab-8a87-7069e04201a7,2024-12-11T10:59:43Z
3ba0b4a5-eed8-4ce2-9082-e219ab082b3c,c3196438-652e-4d14-aa9f-2a8ea704a57c,2024-12-04T14:57:48Z
d2517aad-2167-4097-af1b-9d487c294fbd,08a56c9f-ec84-4f47-b2c9-1a54ce0512d7,2024-10-21T15:11:39Z
21aacf75-c33a-4108-88f5-8f0e835017c4,6342d87b-3c95-4889-980d-78012edbb690,2024-11-06T15:13:09Z
53c691e0-2642-4a0d-aba2-e8577e85ad77,f8848de0-7874-4078-ae75-96fe62a5c618,2024-10-28T12:57:03Z
21aacf75-c33a-4108-88f5-8f0e835017c4,8dd47c90-3827-47f5-97a1-fdc2d9e7ac48,2024-10-03T11:58:09Z
e64ab892-a46c-4db8-84c3-86a00fafdbb2,3699fa0f-eab5-4e9a-88b3-6a630342cbed,2024-12-15T15:42:17Z
7fdfb1f0-58bc-4330-9bb4-09ffa0d587a2,e009c978-86f9-482c-92e3-bcb61ccbe50a,2024-12-02T13:05:39Z
f0d4de1c-97bb-43f8-9793-f15360ff2b85,27a6f686-38c2-45ce-9b3b-35005047ec96,2024-11-19T15:54:38Z
47e90e7e-322d-443f-8d54-c418c5213108,88ab57c0-8731-4503-a08c-7be0840d0379,2024-11-05T13:46:55Z
77789e4d-6897-4515-93f8-b4483e0991da,311d95ea-d21b-4cf0-8955-6c6e82fe4c8b,2024-11-04T18:06:46Z
fec7dbb7-f0d3-497d-8547-3da0e168b94d,07d4e6fe-bc2f-454e-a8bd-0e57797b3de1,2024-11-28T19:35:43Z
516dfda9-db8c-48b3-af55-1e160b05d25f,99f1af2b-2745-4e2b-8c8e-bd47d6dd4600,2024-11-08T14:26:25Z
8bedae15-b6a3-4315-8db8-eeb75dc9e69a,21a40853-68d0-4c41-89c9-e6029c5015f5,2024-10-10T14:34:41Z
9ce7bb02-5080-42c6-a2a7-68029928653b,9168dbea-9729-4189-9290-1c606b5bea1b,2024-11-19T18:52:39Z
e64ab892-a46c-4db8-84c3-86a00fafdbb2,9f9d1554-b9a3-4736-9e54-3da84ee924fb,2024-12-12T10:10:48Z
3f39c121-0525-4941-9ed4-7a84ef1f58da,3dfa31c4-beb5-409b-9f1a-9504e065ab1e,2024-11-23T14:48:41Z
7c25480c-66e3-40ba-9736-52fd9b4e3bf5,0f71abbc-58d8-4d07-a849-f35d05d80bc0,2024-10-24T15:46:21Z
a2f757ed-e46e-4b13-9137-17ec0e376e99,42662052-503a-49a5-a0ef-493c8f6ec507,2024-12-21T13:14:04Z
6b26e9d1-8cd2-4cfa-9f01-a0a652d3bc50,fb094333-d5f0-4e70-bd2f-10978bad821a,2024-10-31T17:02:26Z
516dfda9-db8c-48b3-af55-1e160b05d25f,16bfd75b-bc97-4add-97dd-1643ba61494a,2024-11-26T18:29:49Z
7fdfb1f0-58bc-4330-9bb4-09ffa0d587a2,4b2fc428-987f-4d4d-9650-bb7a7037c148,2024-11-20T18:44:38Z
49410d70-6982-4f0a-b28d-17f7c11f25d9,5d9c68cd-2e7f-46e5-bf99-095a75fda8fe,2024-10-17T13:52:10Z
9ce7bb02-5080-42c6-a2a7-68029928653b,f2e5500f-85c6-4acd-ae27-c68b2e17eef7,2024-12-15T17:33:15Z
e1c6fd92-9e02-44cc-bda5-b30bb37606ac,24c564aa-93f1-4735-b257-a80e56686a94,2024-11-28T11:34:16Z
8db435f0-69d4-40bd-876e-026cb9e01de1,43e232b9-0ebc-4df4-81e8-19296732882e,2024-12-20T11:12:03Z
08153924-525f-4382-b21d-b304cff726ca,bf7f947a-8988-4774-8f2b-7fafea68587f,2024-11-10T13:41:03Z
f8ca2d09-990f-4408-bdfc-a0982d9e8a23,9168dbea-9729-4189-9290-1c606b5bea1b,2024-11-18T18:19:24Z
b10e9092-2f34-4cae-94eb-c99b6c2f2649,20dfd8ea-1636-43ea-99e2-b20325336287,2024-11-06T18:54:45Z
5e9f81d4-e70a-44c1-b72b-2393218a3eae,fc6a9def-cd00-42ad-8b54-1fcf1c27d9de,2024-12-04T10:46:04Z
5c16fb00-4875-4fcf-bc1a-cd9a61c10420,80c3819d-ce2d-47fb-a6aa-eb63c3ae0737,2024-10-28T11:53:19Z
d6e6e166-357f-49de-888f-afb4930f0e45,d50748f1-d497-4dff-aa03-f8326ae06520,2024-10-24T19:54:25Z
7c25480c-66e3-40ba-9736-52fd9b4e3bf5,cb773e07-76bb-4be6-a7f6-c59b4f4e74e4,2024-10-11T12:30:58Z
49410d70-6982-4f0a-b28d-17f7c11f25d9,2c9b843c-15ec-49b8-a364-92b9638d9c39,2024-10-18T13:36:12Z
88bc295e-cabc-483b-baa4-aef568a28cba,8207710c-832b-4fc2-98c7-d906eb7c012e,2024-12-09T19:41:15Z
3edebfe3-b1e2-4f3b-8982-ab3249d6d1d8,027ad115-025b-4153-8c1c-f78bd1aeef3d,2024-11-25T12:26:21Z
47e90e7e-322d-443f-8d54-c418c5213108,6aa1659d-3030-43a0-9b9b-f81ee0cf524f,2024-10-20T16:10:36Z
301f1502-2107-4bb7-b4c3-f33d341f0918,9f3891fc-6555-49f6-ae2c-c6840a293028,2024-11-13T18:38:35Z
de1a02dc-0974-4a93-9a34-3e13e7d5bcc9,bede8189-657b-4fcc-850d-22858f398929,2024-12-15T15:25:02Z
59c589e0-2075-4fcc-8e27-c3603ab6c7a5,88ab57c0-8731-4503-a08c-7be0840d0379,2024-11-05T13:44:31Z
3f1a1f8f-efe1-4aaf-b040-bf49ae8b9f87,2238fe08-c6f1-4d3d-b04f-2b085b285fa3,2024-12-11T19:52:11Z
88bc295e-cabc-483b-baa4-aef568a28cba,92a61f29-88e9-4845-b748-f3279eb138f3,2024-12-13T17:46:38Z
3ba0b4a5-eed8-4ce2-9082-e219ab082b3c,8f2cc6d6-a701-4e56-bbf5-899b4169de25,2024-10-14T14:37:19Z
2c3f978a-8ddd-4e14-8523-30c22d6196b3,5335b3c0-442d-4cef-9c86-35f457266a7b,2024-10-02T14:22:35Z
516dfda9-db8c-48b3-af55-1e160b05d25f,d216ef91-7b65-4dee-8662-72d635354ea4,2024-12-29T18:24:46Z
d6e6e166-357f-49de-888f-afb4930f0e45,b76fd444-36c2-4938-8f42-ad33f7ee1c85,2024-10-14T17:28:23Z
21430b64-3cfb-46c4-aa68-762d56e279f3,4b2fc428-987f-4d4d-9650-bb7a7037c148,2024-11-22T19:44:44Z
6b26e9d1-8cd2-4cfa-9f01-a0a652d3bc50,1ca952d8-84e8-4e02-915f-42d71ed12440,2024-12-12T15:33:54Z
88bc295e-cabc-483b-baa4-aef568a28cba,88afdb5d-d3c8-4b54-b8ae-5171c28d76c6,2024-11-14T14:27:59Z
88bc295e-cabc-483b-baa4-aef568a28cba,a91afe28-0ed0-4428-aa0b-558a821b3f87,2024-11-02T19:00:07Z
b10e9092-2f34-4cae-94eb-c99b6c2f2649,88df75d4-fa52-48c0-92e3-a20aa3edc86c,2024-12-15T13:41:22Z
d1412e8e-e3fa-4ab9-8036-f0932e89c2a5,0dbfbc43-e2c6-44f8-912e-c33e1c93cc92,2024-10-19T17:50:25Z
9bd42fe3-f689-4161-8196-a12ca530cc4a,6f868789-4bf1-4ee1-9344-4db81a42e868,2024-10-23T14:27:58Z
3f1a1f8f-efe1-4aaf-b040-bf49ae8b9f87,4f8689b7-c0cc-47a2-aa19-0e14db6581e1,2024-12-12T13:05:38Z
d1412e8e-e3fa-4ab9-8036-f0932e89c2a5,0987aecf-274a-4527-ac7a-6c45b96410b9,2024-12-26T13:54:13Z
e72abd83-97d6-4bc7-9c1e-4508c460fcf2,c149b74c-dc3b-4cc8-92ce-a89f52163269,2024-11-15T16:47:04Z
49410d70-6982-4f0a-b28d-17f7c11f25d9,d93af603-5b27-42c1-b21c-f3bf9b2d48ab,2024-12-24T19:15:56Z
21430b64-3cfb-46c4-aa68-762d56e279f3,f396a231-7582-42e3-a769-b106b31fbaad,2024-11-27T18:24:49Z
3f1a1f8f-efe1-4aaf-b040-bf49ae8b9f87,3123d41e-61a6-4640-883e-da9260a7d663,2024-11-28T18:47:26Z
79f3f279-2052-4c90-b18f-6439649ee202,7ee262b3-bea1-48c5-b84d-4369d7cccb59,2024-12-01T18:47:06Z
61a0be04-ae03-447d-8b7a-98ab190ac7e8,d50748f1-d497-4dff-aa03-f8326ae06520,2024-10-25T14:53:38Z
a8c76b4f-b8b1-458c-ab43-0bfcf69e9957,de804fb3-d6f9-4a75-9d10-3d121f000a2c,2024-12-18T14:03:27Z
d1412e8e-e3fa-4ab9-8036-f0932e89c2a5,a88c6f2e-fb15-4f54-972c-acb7d0e8c0a7,2024-12-29T14:39:08Z
fd7a43bb-a26d-44d6-95f5-d513de7bb7c3,5f5da508-4116-4a7b-b23d-359b3721cf5e,2024-12-08T12:06:47Z
e1c6fd92-9e02-44cc-bda5-b30bb37606ac,1364c11c-6c7a-432c-a4bd-1ea8ce23fcea,2024-10-26T19:05:32Z
e72abd83-97d6-4bc7-9c1e-4508c460fcf2,ae7206a4-c991-4d41-a54f-d245b43d1074,2024-10-29T18:10:32Z
49410d70-6982-4f0a-b28d-17f7c11f25d9,883c0984-f722-4ae4-9dfb-96c33df2d1bd,2024-10-18T14:24:40Z
7fdfb1f0-58bc-4330-9bb4-09ffa0d587a2,7c4bd5b7-be36-47a4-918f-843e36f24556,2024-12-31T18:12:26Z
d6e6e166-357f-49de-888f-afb4930f0e45,7a351d97-7d7a-4ccb-a4c8-bf7a9d06c5f7,2024-11-24T16:59:12Z
f0d4de1c-97bb-43f8-9793-f15360ff2b85,fc6a9def-cd00-42ad-8b54-1fcf1c27d9de,2024-12-04T11:06:25Z
24cb5cb0-82da-4d1f-a481-4b078da2a350,3699fa0f-eab5-4e9a-88b3-6a630342cbed,2024-12-13T11:18:50Z
88bc295e-cabc-483b-baa4-aef568a28cba,c149b74c-dc3b-4cc8-92ce-a89f52163269,2024-11-15T18:30:35Z
d1412e8e-e3fa-4ab9-8036-f0932e89c2a5,ce3a878e-349a-459b-b785-eb7dd89ccf86,2024-12-14T19:01:39Z
8bedae15-b6a3-4315-8db8-eeb75dc9e69a,b8d6a45c-8bac-41c8-b7f4-da454e7a6cd8,2024-11-08T16:54:13Z
d2517aad-2167-4097-af1b-9d487c294fbd,8064c2c2-a4b7-44d1-a594-8d53843b595f,2024-10-27T13:03:32Z
77789e4d-6897-4515-93f8-b4483e0991da,5d647964-2c3c-4322-9404-13da47921895,2024-12-14T17:40:06Z
5c16fb00-4875-4fcf-bc1a-cd9a61c10420,a1cb34d7-dbf3-4521-b22e-2df346660caf,2024-11-13T16:16:59Z
d2517aad-2167-4097-af1b-9d487c294fbd,19f59581-66d8-4a09-ab57-0cd3635ac0d4,2024-12-26T12:23:17Z
f0d4de1c-97bb-43f8-9793-f15360ff2b85,d7d30f8e-1c76-43f4-9c20-246c6e5e63c2,2024-11-25T16:37:47Z
08153924-525f-4382-b21d-b304cff726ca,27a6f686-38c2-45ce-9b3b-35005047ec96,2024-11-19T12:00:08Z
8bedae15-b6a3-4315-8db8-eeb75dc9e69a,333d70b6-cdd4-4da5-91a8-7a1c3c735265,2024-11-04T19:22:53Z
3ba0b4a5-eed8-4ce2-9082-e219ab082b3c,ced01e08-2183-46eb-8df4-d0afaaddfe81,2024-10-10T18:34:13Z
7fdfb1f0-58bc-4330-9bb4-09ffa0d587a2,4e4d57fe-f16b-4e87-94f4-becceb6de815,2024-11-13T17:16:19Z
77789e4d-6897-4515-93f8-b4483e0991da,dab66ef6-1568-4cf7-a06e-2e4eceea2f0c,2024-11-19T16:49:51Z
21aacf75-c33a-4108-88f5-8f0e835017c4,f81066b0-e25f-461b-9490-a7d4562eeccb,2024-10-14T11:43:26Z
77789e4d-6897-4515-93f8-b4483e0991da,2c9b843c-15ec-49b8-a364-92b9638d9c39,2024-10-17T14:26:21Z
8bedae15-b6a3-4315-8db8-eeb75dc9e69a,a3126170-a5c6-464e-86b0-850004d1f914,2024-10-22T17:43:49Z
fec7dbb7-f0d3-497d-8547-3da0e168b94d,e24ec255-c8c7-4e23-971f-9da1ebfa8bf0,2024-10-31T11:56:38Z
f8ca2d09-990f-4408-bdfc-a0982d9e8a23,0e445044-c7d0-4757-bbda-6ad684225bca,2024-12-29T12:02:25Z
5f32cd5b-3f2b-47c4-9cf1-e200daa629c2,88ab57c0-8731-4503-a08c-7be0840d0379,2024-11-03T14:55:35Z
e72abd83-97d6-4bc7-9c1e-4508c460fcf2,ad779afb-222a-4245-8eaf-b90aab82f1d4,2024-12-11T13:00:13Z
21aacf75-c33a-4108-88f5-8f0e835017c4,2a7a82b7-5893-4f9b-889c-fcd19b4d5cc7,2024-11-23T19:16:16Z
ca3222f6-860b-4784-9c59-381d487fdd9c,92bfe0c5-7019-4e7d-b70d-11d0eecafd4b,2024-12-25T13:45:57Z
f8ca2d09-990f-4408-bdfc-a0982d9e8a23,12865faa-203e-4215-a0f3-532d325005a4,2024-10-30T12:09:37Z
301f1502-2107-4bb7-b4c3-f33d341f0918,939f8062-2d50-454e-85a7-7e46773732c4,2024-12-08T11:50:27Z
f0d4de1c-97bb-43f8-9793-f15360ff2b85,6aa1659d-3030-43a0-9b9b-f81ee0cf524f,2024-10-20T17:40:00Z
8db435f0-69d4-40bd-876e-026cb9e01de1,14ba0a25-864b-4cc8-852a-43f7e4096d5b,2025-01-01T14:57:49Z
ffa175c1-af0c-472a-ac66-19795a9d3565,bb8c5465-566e-4eed-96c6-38461ca2d73a,2024-12-15T11:22:34Z
77789e4d-6897-4515-93f8-b4483e0991da,74c78472-83a6-4293-a1d7-17be71ff3e70,2024-12-30T11:29:17Z
ca3222f6-860b-4784-9c59-381d487fdd9c,7ee262b3-bea1-48c5-b84d-4369d7cccb59,2024-12-02T15:05:06Z
d2517aad-2167-4097-af1b-9d487c294fbd,a7ec8a81-13b8-4199-82ba-41bf0508ee3c,2024-12-30T11:50:27Z
3f1a1f8f-efe1-4aaf-b040-bf49ae8b9f87,507baf17-6f43-4e9d-abad-ad85ec079fe9,2024-12-08T16:27:58Z
6b26e9d1-8cd2-4cfa-9f01-a0a652d3bc50,a2ac1c97-7bf7-4911-9e80-b58b920e3da6,2024-12-22T18:16:56Z
59c589e0-2075-4fcc-8e27-c3603ab6c7a5,a7294a88-2e10-4d90-aa5d-ea8d742d6e85,2024-11-06T12:54:09Z
a5fd4561-40ed-45d8-93e0-5ac53abf3cbc,a5aff226-29ec-4b9d-9ebf-64f342ea1df2,2024-12-01T18:00:29Z
a2f757ed-e46e-4b13-9137-17ec0e376e99,eaeb462b-263e-42ea-b235-6891536a2de3,2024-12-03T12:12:16Z
516dfda9-db8c-48b3-af55-1e160b05d25f,bf7f947a-8988-4774-8f2b-7fafea68587f,2024-11-09T16:15:37Z
5c16fb00-4875-4fcf-bc1a-cd9a61c10420,4fadc8ea-d7cb-4c22-9599-371e57a326f5,2024-12-09T15:50:11Z
7c25480c-66e3-40ba-9736-52fd9b4e3bf5,ac1f529e-0dd8-44b1-8105-2585e332a25d,2024-12-05T15:36:03Z
8db435f0-69d4-40bd-876e-026cb9e01de1,a86a1653-7e32-4a65-a85e-190d94929723,2024-11-01T19:09:25Z
754f0faf-2a76-4132-bc0e-2a9b73ffddf7,2a7a82b7-5893-4f9b-889c-fcd19b4d5cc7,2024-11-22T14:05:31Z
3f1a1f8f-efe1-4aaf-b040-bf49ae8b9f87,9d5352e1-9efc-470c-92fd-edb15e6fe611,2024-12-01T19:40:37Z
bf801961-188d-43d1-b1fb-fb29fa04514f,54112089-cc81-4538-a044-71406201b737,2024-12-27T16:34:12Z
6b26e9d1-8cd2-4cfa-9f01-a0a652d3bc50,43783a48-973f-47e4-b1fe-fd87ff71bfc2,2024-11-21T17:22:12Z
c7f140e0-7397-46c1-a959-be4620f80d7f,c5dd7259-6002-454d-bf2b-700a692c92db,2024-10-13T16:52:09Z
772cfc97-489d-4105-b1f2-2274c9433e4f,d93af603-5b27-42c1-b21c-f3bf9b2d48ab,2024-12-22T12:44:13Z
41f29498-703e-417d-8021-f06a3251822a,5fee8d3a-d517-46fb-8fe4-95635d6167fb,2024-10-30T13:18:47Z
d1412e8e-e3fa-4ab9-8036-f0932e89c2a5,15009d8f-05c0-4a80-a306-ea9d47bd5b1f,2024-12-07T19:51:55Z
754f0faf-2a76-4132-bc0e-2a9b73ffddf7,27a6f686-38c2-45ce-9b3b-35005047ec96,2024-11-20T14:25:16Z
754f0faf-2a76-4132-bc0e-2a9b73ffddf7,0987aecf-274a-4527-ac7a-6c45b96410b9,2024-12-26T16:34:02Z
79f3f279-2052-4c90-b18f-6439649ee202,d39814e9-1c1b-4354-b34a-7f4cc5aa400e,2024-12-01T17:12:19Z
c7f140e0-7397-46c1-a959-be4620f80d7f,de804fb3-d6f9-4a75-9d10-3d121f000a2c,2024-12-20T16:28:18Z
d2517aad-2167-4097-af1b-9d487c294fbd,97b3cc70-f3e4-4720-be2d-c4373b14076c,2024-12-02T17:22:43Z
59c589e0-2075-4fcc-8e27-c3603ab6c7a5,09310e50-c9e4-474c-958c-5f5e011a3bc3,2024-10-21T19:27:50Z
bbf93f8f-1566-45fe-bb17-0804006510c6,91ae9723-8f08-4bdb-a5d6-762503ed3061,2024-10-29T19:07:43Z