user_id,buzz_id,like_at
fc09727d-7317-45d6-bbbb-ca19a044b567,55c5e76b-5e40-483f-a6ed-55e937b7f444,2024-12-22T10:03:54Z
a1be0116-5f8c-4c4c-9998-bb884b38c14a,8970c99e-9eb9-46fa-8655-5aa5dcb34832,2024-12-16T19:13:22Z
301f1502-2107-4bb7-b4c3-f33d341f0918,8207710c-832b-4fc2-98c7-d906eb7c012e,2024-12-14T16:40:20Z
ffa175c1-af0c-472a-ac66-19795a9d3565,54fffddd-5e75-4519-964e-72e2d9d3fcbf,2024-12-16T16:38:18Z
29b70f02-72f0-4a19-a26b-87e7919f14ec,b9508f7a-138e-4170-8a5a-291730809427,2024-12-16T19:28:58Z
79f3f279-2052-4c90-b18f-6439649ee202,133e2aaf-201b-4f95-8ba0-6431a4d05968,2024-12-18T18:05:48Z
3218a6ea-76fc-48a9-a7b8-60e77c14e9c0,284c4d31-b597-4095-9255-b884d105f9e6,2024-12-14T10:47:06Z
754f0faf-2a76-4132-bc0e-2a9b73ffddf7,96c8053e-18a4-4430-a38b-6f6170400294,2024-12-17T14:36:03Z
03f34895-4bad-4107-92a9-d266a35d34f4,f2e5500f-85c6-4acd-ae27-c68b2e17eef7,2024-12-16T16:12:01Z
1cd2f848-0b32-4a4a-a90e-517be3be966f,b76a13fc-d5b4-44ed-805d-1a505a2ba6bf,2024-12-15T10:19:37Z
e64ab892-a46c-4db8-84c3-86a00fafdbb2,9d5352e1-9efc-470c-92fd-edb15e6fe611,2024-12-15T19:50:50Z
1cd2f848-0b32-4a4a-a90e-517be3be966f,1d1d8c15-411e-46cc-a1cf-67c74b56ac27,2024-12-18T16:47:54Z
693f719c-4858-4a42-b1e1-7b7fa7f33e06,24c564aa-93f1-4735-b257-a80e56686a94,2024-12-16T18:03:37Z
7fdfb1f0-58bc-4330-9bb4-09ffa0d587a2,9b5e0f56-2347-4b4d-917b-73175b5a4713,2024-12-14T16:03:00Z
ca3222f6-860b-4784-9c59-381d487fdd9c,7ee262b3-bea1-48c5-b84d-4369d7cccb59,2024-12-16T16:40:42Z
bf801961-188d-43d1-b1fb-fb29fa04514f,e009c978-86f9-482c-92e3-bcb61ccbe50a,2024-12-16T12:59:39Z
7c25480c-66e3-40ba-9736-52fd9b4e3bf5,15009d8f-05c0-4a80-a306-ea9d47bd5b1f,2024-12-17T19:46:25Z
f4cbd6c6-f592-4c3b-b29c-314adb075ef0,ad779afb-222a-4245-8eaf-b90aab82f1d4,2024-12-16T13:34:45Z
c7f140e0-7397-46c1-a959-be4620f80d7f,544fc9cc-1305-4682-956a-d0755cfd471d,2024-12-15T11:13:10Z
7fdfb1f0-58bc-4330-9bb4-09ffa0d587a2,aef82602-f9b0-4093-a34e-0534537294eb,2024-12-15T16:54:26Z
ffa175c1-af0c-472a-ac66-19795a9d3565,8f81c52f-2e65-4b01-b259-4ce2b6f6dbc8,2024-12-18T14:39:27Z
1cd2f848-0b32-4a4a-a90e-517be3be966f,ca8f5565-22e2-4c03-a3eb-45ddbdae1d6c,2024-12-18T13:50:58Z
516dfda9-db8c-48b3-af55-1e160b05d25f,ad779afb-222a-4245-8eaf-b90aab82f1d4,2024-12-18T19:19:06Z
c7f140e0-7397-46c1-a959-be4620f80d7f,11a715e4-bd5f-4d96-97c0-7357e1af279c,2024-12-15T17:51:19Z
21aacf75-c33a-4108-88f5-8f0e835017c4,b8b7ddc8-3275-4805-8f7e-a308e9154f47,2024-12-17T12:51:46Z
53c691e0-2642-4a0d-aba2-e8577e85ad77,1f421d20-1864-4447-a6e4-d01fc12d8008,2024-12-13T15:04:09Z
fec7dbb7-f0d3-497d-8547-3da0e168b94d,929fe947-a8eb-4305-9a99-02cc205510ce,2024-12-14T10:09:07Z
59c589e0-2075-4fcc-8e27-c3603ab6c7a5,5cb15a0d-bc47-45ab-8a87-7069e04201a7,2024-12-14T11:30:26Z
de1a02dc-0974-4a93-9a34-3e13e7d5bcc9,cc927883-8896-47ad-a41d-b9109c9383b3,2024-12-13T12:15:06Z
516dfda9-db8c-48b3-af55-1e160b05d25f,a1cb34d7-dbf3-4521-b22e-2df346660caf,2024-12-15T19:26:27Z
e64ab892-a46c-4db8-84c3-86a00fafdbb2,3f9f0506-4bae-495b-9d3f-0bd16911343b,2024-12-15T16:37:17Z
fec7dbb7-f0d3-497d-8547-3da0e168b94d,f255cc31-d44c-4a06-8fa5-a22de9e1b909,2024-12-13T12:47:45Z
7c25480c-66e3-40ba-9736-52fd9b4e3bf5,96c8053e-18a4-4430-a38b-6f6170400294,2024-12-16T19:49:41Z
bf801961-188d-43d1-b1fb-fb29fa04514f,ee1c9696-104a-49e8-a512-ccd87d15c41c,2024-12-19T16:44:21Z
93372a13-6431-41b3-a062-efaff946d541,8a35790c-a945-4e0d-af86-3c24a4c9ec83,2024-12-25T13:36:39Z
59c589e0-2075-4fcc-8e27-c3603ab6c7a5,c407ba49-9f1f-4aae-a0df-8141c6563748,2024-12-23T13:48:54Z
de1a02dc-0974-4a93-9a34-3e13e7d5bcc9,7c4bd5b7-be36-47a4-918f-843e36f24556,2024-12-31T13:10:46Z
f8ca2d09-990f-4408-bdfc-a0982d9e8a23,50b96055-11f0-47b0-add9-ab1726975b37,2024-12-21T19:32:02Z
fd7a43bb-a26d-44d6-95f5-d513de7bb7c3,d216ef91-7b65-4dee-8662-72d635354ea4,2024-12-30T17:37:41Z
21430b64-3cfb-46c4-aa68-762d56e279f3,19f59581-66d8-4a09-ab57-0cd3635ac0d4,2024-12-26T12:28:17Z
ffa175c1-af0c-472a-ac66-19795a9d3565,7c4bd5b7-be36-47a4-918f-843e36f24556,2024-12-31T10:02:52Z
e72abd83-97d6-4bc7-9c1e-4508c460fcf2,03a0df1d-55fc-4a31-b466-d64ac53a13df,2024-12-28T14:39:05Z
e64ab892-a46c-4db8-84c3-86a00fafdbb2,1581fe08-6952-4455-aa8b-67b66ee3c31b,2024-12-27T10:49:28Z
c769110c-2e3d-4976-9404-b771f4869f68,83b18a90-393b-48af-bd95-19bd6ea38d4c,2024-12-29T11:31:34Z
693f719c-4858-4a42-b1e1-7b7fa7f33e06,19f59581-66d8-4a09-ab57-0cd3635ac0d4,2024-12-26T11:20:22Z
08153924-525f-4382-b21d-b304cff726ca,c407ba49-9f1f-4aae-a0df-8141c6563748,2024-12-23T10:41:33Z
ebb9e125-5b1f-4735-80e3-2756c5ae390a,3da5ccb9-7220-4db7-8776-ff4503d55e9f,2024-12-29T14:09:02Z
c769110c-2e3d-4976-9404-b771f4869f68,bede8189-657b-4fcc-850d-22858f398929,2024-12-15T16:42:24Z
08153924-525f-4382-b21d-b304cff726ca,68cc044e-209c-4df0-a6bc-57ce409f1116,2024-12-16T12:57:22Z
a1be0116-5f8c-4c4c-9998-bb884b38c14a,8c8d316a-3576-429f-8862-911917f0b27d,2024-12-26T10:52:42Z
d121d830-9513-4450-b53a-b3da9ba34f7f,d216ef91-7b65-4dee-8662-72d635354ea4,2024-12-30T16:00:34Z
93372a13-6431-41b3-a062-efaff946d541,92bfe0c5-7019-4e7d-b70d-11d0eecafd4b,2024-12-25T10:22:33Z
3b9df179-9e12-44f3-8e63-647a1efe7ba2,63b31ac6-c4d7-45c1-8958-28a591a4e095,2024-12-25T15:50:13Z
9bd42fe3-f689-4161-8196-a12ca530cc4a,e91b0f56-2dbc-43f1-8ad0-06aba570a582,2024-12-31T19:19:01Z
7fdfb1f0-58bc-4330-9bb4-09ffa0d587a2,a88c6f2e-fb15-4f54-972c-acb7d0e8c0a7,2024-12-30T12:46:51Z
e1c6fd92-9e02-44cc-bda5-b30bb37606ac,31e550de-a1af-4b25-8101-5660d130f76d,2024-12-31T14:10:59Z
a1be0116-5f8c-4c4c-9998-bb884b38c14a,dacd92f3-5b09-4856-a93c-c63b03ca00cf,2024-12-20T10:10:49Z
301f1502-2107-4bb7-b4c3-f33d341f0918,5ebec42a-dd30-48b9-afd0-38563bbb306d,2024-12-23T18:34:06Z
693f719c-4858-4a42-b1e1-7b7fa7f33e06,55c5e76b-5e40-483f-a6ed-55e937b7f444,2024-12-22T18:43:50Z
ebb9e125-5b1f-4735-80e3-2756c5ae390a,50b96055-11f0-47b0-add9-ab1726975b37,2024-12-21T11:08:36Z
bf801961-188d-43d1-b1fb-fb29fa04514f,dacd92f3-5b09-4856-a93c-c63b03ca00cf,2024-12-20T16:45:22Z
291ad005-c5c6-4a8e-8c12-c0a3f1323d2b,5abaceb0-672a-4b8a-8e78-637c2409a81a,2024-12-26T18:24:54Z
ebb9e125-5b1f-4735-80e3-2756c5ae390a,58176ff1-805f-444e-8753-e80f959be839,2024-12-24T19:24:32Z
2c3f978a-8ddd-4e14-8523-30c22d6196b3,9632ef9e-2bab-47e7-a5c8-b7de172a4225,2024-12-25T15:21:58Z
21430b64-3cfb-46c4-aa68-762d56e279f3,45350e40-be74-434f-82a9-87a2eb7f1ca1,2024-12-22T18:26:39Z
bf801961-188d-43d1-b1fb-fb29fa04514f,64032de3-21f1-4212-a44e-5eabf1269295,2024-12-16T12:33:08Z
59c589e0-2075-4fcc-8e27-c3603ab6c7a5,56f9f749-6ed9-4282-ad8b-efced53c4fd1,2024-12-28T19:11:13Z
21430b64-3cfb-46c4-aa68-762d56e279f3,3870bb9b-6d9e-4623-b19c-ec06d9d5a23b,2024-12-26T17:57:28Z
53c691e0-2642-4a0d-aba2-e8577e85ad77,3870bb9b-6d9e-4623-b19c-ec06d9d5a23b,2024-12-26T19:19:34Z
754f0faf-2a76-4132-bc0e-2a9b73ffddf7,39b72f34-0779-4845-adb9-ee7d03d4cf1c,2024-12-28T14:39:24Z
21430b64-3cfb-46c4-aa68-762d56e279f3,d216ef91-7b65-4dee-8662-72d635354ea4,2024-12-30T18:43:42Z
21430b64-3cfb-46c4-aa68-762d56e279f3,5ebec42a-dd30-48b9-afd0-38563bbb306d,2024-12-23T18:50:19Z
59c589e0-2075-4fcc-8e27-c3603ab6c7a5,45350e40-be74-434f-82a9-87a2eb7f1ca1,2024-12-22T16:23:52Z
df9a26f8-da1a-4d41-9ac3-7e1422ac82c9,3632ef2e-82aa-436f-a893-8b4d53596d52,2024-12-18T19:17:30Z
9bd42fe3-f689-4161-8196-a12ca530cc4a,f585f0bd-125c-4028-879d-d6a2bf8d34d3,2024-12-18T11:47:59Z
797541c8-6294-47b7-9f00-430af6d919c6,74c78472-83a6-4293-a1d7-17be71ff3e70,2024-12-29T10:16:13Z
df9a26f8-da1a-4d41-9ac3-7e1422ac82c9,63b31ac6-c4d7-45c1-8958-28a591a4e095,2024-12-25T17:19:49Z
e72abd83-97d6-4bc7-9c1e-4508c460fcf2,0987aecf-274a-4527-ac7a-6c45b96410b9,2024-12-27T10:22:36Z
301f1502-2107-4bb7-b4c3-f33d341f0918,92bfe0c5-7019-4e7d-b70d-11d0eecafd4b,2024-12-25T17:40:49Z
df9a26f8-da1a-4d41-9ac3-7e1422ac82c9,0e445044-c7d0-4757-bbda-6ad684225bca,2024-12-29T08:59:34Z
ffa175c1-af0c-472a-ac66-19795a9d3565,3632ef2e-82aa-436f-a893-8b4d53596d52,2024-12-18T09:04:52Z
bbf93f8f-1566-45fe-bb17-0804006510c6,5622d773-a14e-4d46-a553-89441539bd17,2024-12-28T09:36:58Z
8c1c8b1c-8cf8-490e-b48f-2b5b7b002a40,794a2067-9fe8-49a7-881f-7998969b37e4,2024-12-25T09:27:34Z
fec7dbb7-f0d3-497d-8547-3da0e168b94d,c407ba49-9f1f-4aae-a0df-8141c6563748,2024-12-23T10:19:49Z
74eabce0-ab32-461d-be6e-aa248fbae373,1a61898e-da8c-4cb6-9b52-9eb9f831b2f7,2024-12-30T10:39:39Z
f8ca2d09-990f-4408-bdfc-a0982d9e8a23,f585f0bd-125c-4028-879d-d6a2bf8d34d3,2024-12-18T11:48:16Z
c7f140e0-7397-46c1-a959-be4620f80d7f,ee1c9696-104a-49e8-a512-ccd87d15c41c,2024-12-19T11:40:51Z
ffa175c1-af0c-472a-ac66-19795a9d3565,1a61898e-da8c-4cb6-9b52-9eb9f831b2f7,2024-12-30T11:48:41Z
a8c76b4f-b8b1-458c-ab43-0bfcf69e9957,e3d8de6e-36fc-4b4c-abd2-b7f1d5debe31,2024-12-19T11:45:07Z
fec7dbb7-f0d3-497d-8547-3da0e168b94d,0e445044-c7d0-4757-bbda-6ad684225bca,2024-12-29T11:56:24Z
693f719c-4858-4a42-b1e1-7b7fa7f33e06,4f4b2625-adcd-425c-8723-626dada652cf,2024-12-18T11:33:42Z
7fdfb1f0-58bc-4330-9bb4-09ffa0d587a2,42662052-503a-49a5-a0ef-493c8f6ec507,2024-12-21T11:59:07Z
3b9df179-9e12-44f3-8e63-647a1efe7ba2,c407ba49-9f1f-4aae-a0df-8141c6563748,2024-12-23T11:05:36Z
bf801961-188d-43d1-b1fb-fb29fa04514f,0acd7037-69fa-4ac4-b259-2fbc67c4c9eb,2024-12-17T11:42:48Z
516dfda9-db8c-48b3-af55-1e160b05d25f,e3d8de6e-36fc-4b4c-abd2-b7f1d5debe31,2024-12-19T11:55:51Z
2c3f978a-8ddd-4e14-8523-30c22d6196b3,f585f0bd-125c-4028-879d-d6a2bf8d34d3,2024-12-18T12:31:11Z
7fdfb1f0-58bc-4330-9bb4-09ffa0d587a2,43e232b9-0ebc-4df4-81e8-19296732882e,2024-12-20T12:42:46Z
29b70f02-72f0-4a19-a26b-87e7919f14ec,a7ec8a81-13b8-4199-82ba-41bf0508ee3c,2024-12-29T12:31:42Z
12208683-36ef-43ff-bd96-1b55ceb5c1bb,0987aecf-274a-4527-ac7a-6c45b96410b9,2024-12-27T12:07:39Z
fec7dbb7-f0d3-497d-8547-3da0e168b94d,43e232b9-0ebc-4df4-81e8-19296732882e,2024-12-20T13:10:37Z
29b70f02-72f0-4a19-a26b-87e7919f14ec,f585f0bd-125c-4028-879d-d6a2bf8d34d3,2024-12-18T13:58:34Z
8bedae15-b6a3-4315-8db8-eeb75dc9e69a,39b72f34-0779-4845-adb9-ee7d03d4cf1c,2024-12-28T13:26:05Z
c769110c-2e3d-4976-9404-b771f4869f68,1a61898e-da8c-4cb6-9b52-9eb9f831b2f7,2024-12-30T14:20:27Z
53c691e0-2642-4a0d-aba2-e8577e85ad77,4f4b2625-adcd-425c-8723-626dada652cf,2024-12-18T14:11:52Z
e64ab892-a46c-4db8-84c3-86a00fafdbb2,ee1c9696-104a-49e8-a512-ccd87d15c41c,2024-12-19T14:30:08Z
bf801961-188d-43d1-b1fb-fb29fa04514f,1581fe08-6952-4455-aa8b-67b66ee3c31b,2024-12-27T15:53:02Z
ebb9e125-5b1f-4735-80e3-2756c5ae390a,a7ec8a81-13b8-4199-82ba-41bf0508ee3c,2024-12-29T15:42:36Z
59c589e0-2075-4fcc-8e27-c3603ab6c7a5,06dbcc5f-9dff-45f3-937a-87dece03bfcb,2024-12-29T15:32:46Z
c769110c-2e3d-4976-9404-b771f4869f68,dacd92f3-5b09-4856-a93c-c63b03ca00cf,2024-12-20T16:45:04Z
29b70f02-72f0-4a19-a26b-87e7919f14ec,fb3ec90f-3ac5-40f2-91ff-55fa17c40b3c,2024-12-21T16:39:45Z
7fdfb1f0-58bc-4330-9bb4-09ffa0d587a2,3bf690e0-7773-461b-92d8-3146533fe067,2024-12-29T16:19:50Z
09dc78ad-92f4-4fd4-9de7-a00220e8f849,8fea3c97-4226-4432-af0e-6d02d2665a1c,2024-12-31T16:22:54Z
d121d830-9513-4450-b53a-b3da9ba34f7f,39b72f34-0779-4845-adb9-ee7d03d4cf1c,2024-12-28T16:35:17Z
a8c76b4f-b8b1-458c-ab43-0bfcf69e9957,20aeab68-91a7-4a41-a124-bed46b910443,2024-12-20T17:47:48Z
9bd42fe3-f689-4161-8196-a12ca530cc4a,3bf690e0-7773-461b-92d8-3146533fe067,2024-12-29T17:41:39Z
bbf93f8f-1566-45fe-bb17-0804006510c6,f585f0bd-125c-4028-879d-d6a2bf8d34d3,2024-12-18T17:30:52Z
fc09727d-7317-45d6-bbbb-ca19a044b567,d93af603-5b27-42c1-b21c-f3bf9b2d48ab,2024-12-23T17:01:22Z
88bc295e-cabc-483b-baa4-aef568a28cba,39b72f34-0779-4845-adb9-ee7d03d4cf1c,2024-12-28T17:05:01Z
291ad005-c5c6-4a8e-8c12-c0a3f1323d2b,03a0df1d-55fc-4a31-b466-d64ac53a13df,2024-12-28T17:09:05Z
1cd2f848-0b32-4a4a-a90e-517be3be966f,8a35790c-a945-4e0d-af86-3c24a4c9ec83,2024-12-25T18:12:26Z
93372a13-6431-41b3-a062-efaff946d541,8fea3c97-4226-4432-af0e-6d02d2665a1c,2024-12-31T18:31:43Z
3ba0b4a5-eed8-4ce2-9082-e219ab082b3c,74c78472-83a6-4293-a1d7-17be71ff3e70,2024-12-29T18:18:28Z
29b70f02-72f0-4a19-a26b-87e7919f14ec,12872340-9efb-45b6-bdd1-94ec94e7e190,2024-12-17T18:07:18Z
bf801961-188d-43d1-b1fb-fb29fa04514f,3632ef2e-82aa-436f-a893-8b4d53596d52,2024-12-18T18:53:11Z
3ba0b4a5-eed8-4ce2-9082-e219ab082b3c,794a2067-9fe8-49a7-881f-7998969b37e4,2024-12-25T18:48:55Z
1cd2f848-0b32-4a4a-a90e-517be3be966f,5d647964-2c3c-4322-9404-13da47921895,2024-12-15T12:12:12Z
c769110c-2e3d-4976-9404-b771f4869f68,a2ac1c97-7bf7-4911-9e80-b58b920e3da6,2024-12-23T14:35:29Z
9bd42fe3-f689-4161-8196-a12ca530cc4a,8a35790c-a945-4e0d-af86-3c24a4c9ec83,2024-12-25T10:01:10Z
ebb9e125-5b1f-4735-80e3-2756c5ae390a,3870bb9b-6d9e-4623-b19c-ec06d9d5a23b,2024-12-26T10:29:36Z
a8c76b4f-b8b1-458c-ab43-0bfcf69e9957,03a0df1d-55fc-4a31-b466-d64ac53a13df,2024-12-28T10:18:04Z
79f3f279-2052-4c90-b18f-6439649ee202,03a0df1d-55fc-4a31-b466-d64ac53a13df,2024-12-28T17:42:01Z
21aacf75-c33a-4108-88f5-8f0e835017c4,03a0df1d-55fc-4a31-b466-d64ac53a13df,2024-12-28T13:09:50Z
e1c6fd92-9e02-44cc-bda5-b30bb37606ac,56f9f749-6ed9-4282-ad8b-efced53c4fd1,2024-12-28T15:25:21Z
08153924-525f-4382-b21d-b304cff726ca,8fea3c97-4226-4432-af0e-6d02d2665a1c,2024-12-31T18:34:17Z
f8ca2d09-990f-4408-bdfc-a0982d9e8a23,dacd92f3-5b09-4856-a93c-c63b03ca00cf,2024-12-20T16:04:48Z
88bc295e-cabc-483b-baa4-aef568a28cba,8fea3c97-4226-4432-af0e-6d02d2665a1c,2024-12-31T16:14:41Z
c769110c-2e3d-4976-9404-b771f4869f68,50b96055-11f0-47b0-add9-ab1726975b37,2024-12-21T13:29:53Z
291ad005-c5c6-4a8e-8c12-c0a3f1323d2b,a1c0c46f-e98b-4dec-bc4a-14cf2cbb2eeb,2024-12-17T15:23:06Z
df9a26f8-da1a-4d41-9ac3-7e1422ac82c9,8349d594-54a2-42dc-8d02-cb267451c12f,2024-12-18T14:58:53Z
693f719c-4858-4a42-b1e1-7b7fa7f33e06,3052b4c9-ba3b-4e07-9ab8-3bb4b637e2a1,2024-12-31T18:59:21Z
fec7dbb7-f0d3-497d-8547-3da0e168b94d,de804fb3-d6f9-4a75-9d10-3d121f000a2c,2024-12-19T14:25:04Z
e72abd83-97d6-4bc7-9c1e-4508c460fcf2,3da5ccb9-7220-4db7-8776-ff4503d55e9f,2024-12-29T14:42:31Z
e64ab892-a46c-4db8-84c3-86a00fafdbb2,92bfe0c5-7019-4e7d-b70d-11d0eecafd4b,2024-12-25T17:39:17Z
08153924-525f-4382-b21d-b304cff726ca,58176ff1-805f-444e-8753-e80f959be839,2024-12-24T12:10:11Z
e72abd83-97d6-4bc7-9c1e-4508c460fcf2,d984660f-e277-47de-8ee7-7749665b2448,2024-12-16T16:54:02Z
7c25480c-66e3-40ba-9736-52fd9b4e3bf5,d50748f1-d497-4dff-aa03-f8326ae06520,2024-12-16T17:38:18Z
7fdfb1f0-58bc-4330-9bb4-09ffa0d587a2,12872340-9efb-45b6-bdd1-94ec94e7e190,2024-12-16T18:35:25Z
fc09727d-7317-45d6-bbbb-ca19a044b567,7854f2d8-7c2f-4f3b-ace9-bb9dabc0fc64,2024-12-15T11:23:20Z
3b9df179-9e12-44f3-8e63-647a1efe7ba2,ff31368d-b10b-408e-9a4a-c5b8f9ea3e4a,2024-12-16T15:03:25Z
7c25480c-66e3-40ba-9736-52fd9b4e3bf5,a67859e8-b097-4e87-92e0-16c30e2cf9f0,2024-12-15T19:58:26Z
8c1c8b1c-8cf8-490e-b48f-2b5b7b002a40,e009c978-86f9-482c-92e3-bcb61ccbe50a,2024-12-14T14:31:51Z
3b9df179-9e12-44f3-8e63-647a1efe7ba2,4f4b2625-adcd-425c-8723-626dada652cf,2024-12-18T10:39:45Z
693f719c-4858-4a42-b1e1-7b7fa7f33e06,8fbda203-1248-4a99-b653-6d4baf8e1cbc,2024-12-16T16:57:37Z
e72abd83-97d6-4bc7-9c1e-4508c460fcf2,f1b8926c-8145-43fc-80a0-09206eecf96e,2024-12-15T12:53:12Z
59c589e0-2075-4fcc-8e27-c3603ab6c7a5,284c4d31-b597-4095-9255-b884d105f9e6,2024-12-17T17:22:41Z
29b70f02-72f0-4a19-a26b-87e7919f14ec,ae7206a4-c991-4d41-a54f-d245b43d1074,2024-12-18T12:14:45Z
79f3f279-2052-4c90-b18f-6439649ee202,df167119-0e4e-412e-831f-4e3bd2f318c6,2024-12-16T14:52:30Z
3b9df179-9e12-44f3-8e63-647a1efe7ba2,0acd7037-69fa-4ac4-b259-2fbc67c4c9eb,2024-12-17T12:57:17Z
754f0faf-2a76-4132-bc0e-2a9b73ffddf7,8064c2c2-a4b7-44d1-a594-8d53843b595f,2024-12-18T18:58:10Z
bf801961-188d-43d1-b1fb-fb29fa04514f,9d5352e1-9efc-470c-92fd-edb15e6fe611,2024-12-16T17:21:41Z
cc1a9863-4dc2-49cd-83e4-9c1964f639f6,19f6776f-2e63-4566-9e7c-94da55ee0f8c,2024-12-16T10:20:48Z
d6de9d4d-900a-47d5-9cb0-5f9492f343af,c29e1ecb-2ded-4971-80b6-befa58d9d6e8,2024-12-15T18:46:24Z
8bedae15-b6a3-4315-8db8-eeb75dc9e69a,5bbd1581-e65f-4ed4-addd-95f905a23dac,2024-12-18T13:34:56Z
693f719c-4858-4a42-b1e1-7b7fa7f33e06,081f5aca-bf6c-4ace-9183-f2ccde3a7f61,2024-12-18T15:50:58Z
29b70f02-72f0-4a19-a26b-87e7919f14ec,88df75d4-fa52-48c0-92e3-a20aa3edc86c,2024-12-18T17:40:40Z
1cd2f848-0b32-4a4a-a90e-517be3be966f,a5aff226-29ec-4b9d-9ebf-64f342ea1df2,2024-12-14T19:42:32Z
9bd42fe3-f689-4161-8196-a12ca530cc4a,c4cc41c8-36c2-47ea-99fc-7c6f9770b152,2024-12-15T17:07:51Z
29b70f02-72f0-4a19-a26b-87e7919f14ec,544fc9cc-1305-4682-956a-d0755cfd471d,2024-12-15T18:34:04Z
59c589e0-2075-4fcc-8e27-c3603ab6c7a5,c6fc63e6-074d-4967-bc0a-7f6c45d5949d,2024-12-15T11:42:42Z
4859012f-45e6-4aa9-b8dc-54aa791d6ef2,0dbfbc43-e2c6-44f8-912e-c33e1c93cc92,2024-12-18T12:51:04Z
fd7a43bb-a26d-44d6-95f5-d513de7bb7c3,ada73221-55ab-4993-8aff-1c6dcc44a8f5,2024-12-17T10:59:32Z
12208683-36ef-43ff-bd96-1b55ceb5c1bb,1b574b16-1d44-44cf-9b46-4236fd979029,2024-12-18T11:47:25Z
f8ca2d09-990f-4408-bdfc-a0982d9e8a23,76c71e5a-c7fe-4aec-aeaf-f96b6d73945a,2024-12-14T19:51:59Z
ad01bddd-538a-4969-acee-cc53e635c919,d20bc370-6edc-4906-8d60-9fc4a32081c0,2024-12-16T10:20:01Z
e64ab892-a46c-4db8-84c3-86a00fafdbb2,4f8689b7-c0cc-47a2-aa19-0e14db6581e1,2024-12-16T18:42:13Z
e72abd83-97d6-4bc7-9c1e-4508c460fcf2,507baf17-6f43-4e9d-abad-ad85ec079fe9,2024-12-15T18:34:21Z
2c3f978a-8ddd-4e14-8523-30c22d6196b3,718b828b-0445-43a3-ab47-1358c1ceef73,2024-12-15T16:36:05Z
88bc295e-cabc-483b-baa4-aef568a28cba,63213725-9e89-40ed-89b5-cb684317957f,2024-12-14T10:14:54Z
cc1a9863-4dc2-49cd-83e4-9c1964f639f6,85612193-cd46-4787-974f-5991a0eb8805,2024-12-17T15:16:06Z
12208683-36ef-43ff-bd96-1b55ceb5c1bb,9f9d1554-b9a3-4736-9e54-3da84ee924fb,2024-12-17T18:03:44Z
301f1502-2107-4bb7-b4c3-f33d341f0918,15009d8f-05c0-4a80-a306-ea9d47bd5b1f,2024-12-18T16:33:37Z
79f3f279-2052-4c90-b18f-6439649ee202,a9b19081-b477-4087-811f-02d63934f61d,2024-12-16T19:03:42Z
de1a02dc-0974-4a93-9a34-3e13e7d5bcc9,cad64f9b-7d99-4bc0-b46d-2148a3a4bcb8,2024-12-18T12:07:43Z
e64ab892-a46c-4db8-84c3-86a00fafdbb2,065cc2a5-fb17-4226-85cf-38aebcbc2700,2024-12-16T11:30:46Z
fc09727d-7317-45d6-bbbb-ca19a044b567,63b37196-de7a-4621-bf2c-35c43a4b8ed3,2024-12-18T11:15:06Z
291ad005-c5c6-4a8e-8c12-c0a3f1323d2b,3f9f0506-4bae-495b-9d3f-0bd16911343b,2024-12-14T10:01:41Z
fec7dbb7-f0d3-497d-8547-3da0e168b94d,ad779afb-222a-4245-8eaf-b90aab82f1d4,2024-12-17T11:28:38Z
f4cbd6c6-f592-4c3b-b29c-314adb075ef0,c6fc63e6-074d-4967-bc0a-7f6c45d5949d,2024-12-14T16:45:49Z
fec7dbb7-f0d3-497d-8547-3da0e168b94d,a67859e8-b097-4e87-92e0-16c30e2cf9f0,2024-12-15T17:20:47Z
ad01bddd-538a-4969-acee-cc53e635c919,80c3819d-ce2d-47fb-a6aa-eb63c3ae0737,2024-12-14T13:24:29Z
3ba0b4a5-eed8-4ce2-9082-e219ab082b3c,07d4e6fe-bc2f-454e-a8bd-0e57797b3de1,2024-12-16T15:44:52Z
29b70f02-72f0-4a19-a26b-87e7919f14ec,21a40853-68d0-4c41-89c9-e6029c5015f5,2024-12-18T16:44:47Z
88bc295e-cabc-483b-baa4-aef568a28cba,917ad3ce-2816-4dcf-bdaa-013e6a686a56,2024-12-17T17:59:25Z
29b70f02-72f0-4a19-a26b-87e7919f14ec,bf7f947a-8988-4774-8f2b-7fafea68587f,2024-12-17T16:48:16Z
93372a13-6431-41b3-a062-efaff946d541,27a6f686-38c2-45ce-9b3b-35005047ec96,2024-12-14T12:41:13Z
de1a02dc-0974-4a93-9a34-3e13e7d5bcc9,8064c2c2-a4b7-44d1-a594-8d53843b595f,2024-12-17T11:34:14Z
21430b64-3cfb-46c4-aa68-762d56e279f3,c8f01284-68f1-4632-b7b2-0d266a1beef3,2024-12-15T13:00:15Z
1cd2f848-0b32-4a4a-a90e-517be3be966f,b5cdb173-82bc-4c3b-bbc6-a62e0972841f,2024-12-16T16:13:26Z
e72abd83-97d6-4bc7-9c1e-4508c460fcf2,c1486544-9aaa-4af3-b021-2a11895e9fe7,2024-12-18T16:13:33Z
693f719c-4858-4a42-b1e1-7b7fa7f33e06,8083c16a-8389-43c0-a971-4ee346d2e207,2024-12-15T15:36:47Z
7fdfb1f0-58bc-4330-9bb4-09ffa0d587a2,03208956-442c-488b-a13c-42cf404181e4,2024-12-17T10:14:58Z
2c3f978a-8ddd-4e14-8523-30c22d6196b3,3f0c0572-c094-4f08-b275-d51c37c2832d,2024-12-18T14:30:55Z
3218a6ea-76fc-48a9-a7b8-60e77c14e9c0,b5cdb173-82bc-4c3b-bbc6-a62e0972841f,2024-12-17T17:12:57Z
8bedae15-b6a3-4315-8db8-eeb75dc9e69a,c4cc41c8-36c2-47ea-99fc-7c6f9770b152,2024-12-17T11:29:24Z
29b70f02-72f0-4a19-a26b-87e7919f14ec,1ca952d8-84e8-4e02-915f-42d71ed12440,2024-12-17T18:47:00Z
f040d8a6-0f9a-43eb-bfee-923def87bb19,7854f2d8-7c2f-4f3b-ace9-bb9dabc0fc64,2024-12-15T17:08:55Z
fc09727d-7317-45d6-bbbb-ca19a044b567,91888adb-cdca-48f4-9256-cfc1b1e05be6,2024-12-14T17:32:24Z
d121d830-9513-4450-b53a-b3da9ba34f7f,70706627-4733-4774-aa66-e109c6d18c39,2024-12-14T19:05:23Z
79f3f279-2052-4c90-b18f-6439649ee202,a5aff226-29ec-4b9d-9ebf-64f342ea1df2,2024-12-15T14:27:03Z
8bedae15-b6a3-4315-8db8-eeb75dc9e69a,6656e675-055c-487a-a96a-fc128d4709af,2024-12-16T18:49:01Z
59c589e0-2075-4fcc-8e27-c3603ab6c7a5,ad779afb-222a-4245-8eaf-b90aab82f1d4,2024-12-17T10:59:27Z
6b26e9d1-8cd2-4cfa-9f01-a0a652d3bc50,ebfbeaac-b80f-4ba8-b3e4-e6770397e0e5,2024-12-14T11:17:09Z
77789e4d-6897-4515-93f8-b4483e0991da,e5a68d2e-18b8-4fda-8487-b02eab7cd40a,2024-12-16T19:11:10Z
301f1502-2107-4bb7-b4c3-f33d341f0918,b858e358-3716-48c2-8da2-7923bfa08d4b,2024-12-16T16:13:10Z
7fdfb1f0-58bc-4330-9bb4-09ffa0d587a2,bf7f947a-8988-4774-8f2b-7fafea68587f,2024-12-16T15:12:12Z
754f0faf-2a76-4132-bc0e-2a9b73ffddf7,14f65e9d-f199-4986-824f-8e91c2320109,2024-12-15T12:59:46Z
53c691e0-2642-4a0d-aba2-e8577e85ad77,64032de3-21f1-4212-a44e-5eabf1269295,2024-12-17T15:04:58Z
754f0faf-2a76-4132-bc0e-2a9b73ffddf7,2c9b843c-15ec-49b8-a364-92b9638d9c39,2024-12-15T10:51:08Z
c7f140e0-7397-46c1-a959-be4620f80d7f,e24ec255-c8c7-4e23-971f-9da1ebfa8bf0,2024-12-17T13:39:32Z
e64ab892-a46c-4db8-84c3-86a00fafdbb2,5fee8d3a-d517-46fb-8fe4-95635d6167fb,2024-12-15T12:03:54Z
03f34895-4bad-4107-92a9-d266a35d34f4,76fef3df-67e8-4c46-9db8-2e03e8a62f22,2024-12-18T16:53:53Z
1cd2f848-0b32-4a4a-a90e-517be3be966f,43565016-1744-46f3-a4b0-1b0e12e069a2,2024-12-15T16:18:22Z
bbf93f8f-1566-45fe-bb17-0804006510c6,0963f12f-e457-4730-baad-8bc7c8354fb5,2024-12-14T16:32:26Z
ad01bddd-538a-4969-acee-cc53e635c919,ef9892f1-c886-42f6-ad77-590031e3b336,2024-12-17T17:18:55Z
8bedae15-b6a3-4315-8db8-eeb75dc9e69a,3f0c0572-c094-4f08-b275-d51c37c2832d,2024-12-14T18:59:23Z
7fdfb1f0-58bc-4330-9bb4-09ffa0d587a2,4f431bc9-103b-45d4-a9a2-09b990ae4fef,2024-12-14T14:45:31Z
9bd42fe3-f689-4161-8196-a12ca530cc4a,5daed520-ff05-4f48-ab7c-18b36d247ff4,2024-12-15T19:57:43Z
29b70f02-72f0-4a19-a26b-87e7919f14ec,0428823c-66ec-4394-b756-23a3ae449fcd,2024-12-14T13:14:55Z
d6de9d4d-900a-47d5-9cb0-5f9492f343af,dcdbc051-28d8-4017-9845-c8ca80a64459,2024-12-15T16:54:38Z
41f29498-703e-417d-8021-f06a3251822a,507baf17-6f43-4e9d-abad-ad85ec079fe9,2024-12-17T15:07:24Z
79f3f279-2052-4c90-b18f-6439649ee202,f70ca411-6ca0-4150-aa78-a8a68ebc7e95,2024-12-18T18:05:35Z
53c691e0-2642-4a0d-aba2-e8577e85ad77,547c4dc1-0193-49e5-9b78-b77ff48fe717,2024-12-18T14:37:41Z
79f3f279-2052-4c90-b18f-6439649ee202,47d5efa3-cdff-4c94-9095-7c6986f913b7,2024-12-14T13:41:05Z
9bd42fe3-f689-4161-8196-a12ca530cc4a,6342d87b-3c95-4889-980d-78012edbb690,2024-12-17T11:28:40Z
79f3f279-2052-4c90-b18f-6439649ee202,f8bb2028-b98c-4801-8043-abeee46a6859,2024-12-18T17:48:31Z
53c691e0-2642-4a0d-aba2-e8577e85ad77,02826d21-c6d0-4dd2-bd5c-08124a6cee5a,2024-12-18T19:12:10Z
de1a02dc-0974-4a93-9a34-3e13e7d5bcc9,3699fa0f-eab5-4e9a-88b3-6a630342cbed,2024-12-16T15:08:30Z
d121d830-9513-4450-b53a-b3da9ba34f7f,7a351d97-7d7a-4ccb-a4c8-bf7a9d06c5f7,2024-12-15T15:04:28Z
fd7a43bb-a26d-44d6-95f5-d513de7bb7c3,ce28a961-7602-490c-af29-f59bbb464abc,2024-12-17T11:49:31Z
fc09727d-7317-45d6-bbbb-ca19a044b567,b84dc710-6b39-451b-9498-ff3d3c052317,2024-12-16T12:40:51Z
41f29498-703e-417d-8021-f06a3251822a,92a61f29-88e9-4845-b748-f3279eb138f3,2024-12-16T10:57:48Z
c769110c-2e3d-4976-9404-b771f4869f68,547c4dc1-0193-49e5-9b78-b77ff48fe717,2024-12-14T13:59:17Z
ebb9e125-5b1f-4735-80e3-2756c5ae390a,43783a48-973f-47e4-b1fe-fd87ff71bfc2,2024-12-15T14:23:25Z
291ad005-c5c6-4a8e-8c12-c0a3f1323d2b,c5dd7259-6002-454d-bf2b-700a692c92db,2024-12-14T10:54:49Z
ebb9e125-5b1f-4735-80e3-2756c5ae390a,40f71dd2-7abf-45b9-bbc7-bc02b5b11638,2024-12-15T14:21:45Z
59c589e0-2075-4fcc-8e27-c3603ab6c7a5,2af93bb6-a60a-413c-9bc2-add77cac1d9d,2024-12-18T18:14:26Z
df9a26f8-da1a-4d41-9ac3-7e1422ac82c9,94ed346f-1de2-4b88-8011-0e3f50c5fa04,2024-12-16T19:19:53Z
ebb9e125-5b1f-4735-80e3-2756c5ae390a,e550325b-4e22-433e-bfcb-55a3ee1073e8,2024-12-15T11:29:09Z
c769110c-2e3d-4976-9404-b771f4869f68,3dfa31c4-beb5-409b-9f1a-9504e065ab1e,2024-12-16T10:34:26Z
e72abd83-97d6-4bc7-9c1e-4508c460fcf2,dd870ab1-11f5-4251-80eb-223f9695d8bb,2024-12-17T15:47:53Z
41f29498-703e-417d-8021-f06a3251822a,d3c667fb-fadc-480f-a76c-c36338f26acb,2024-12-15T15:57:14Z
e72abd83-97d6-4bc7-9c1e-4508c460fcf2,1a80539d-ccf8-4d65-b716-80e28b7c5938,2024-12-18T10:53:11Z
d6de9d4d-900a-47d5-9cb0-5f9492f343af,f5d3b7b2-b03d-443f-9052-45d0133caacc,2024-12-18T11:45:08Z
29b70f02-72f0-4a19-a26b-87e7919f14ec,e6c526b2-279c-4c6b-b597-f919f4d9730e,2024-12-17T18:02:29Z
d121d830-9513-4450-b53a-b3da9ba34f7f,ffe62d02-eea8-46d9-9b1c-f3fd025f1857,2024-12-18T18:08:40Z
77789e4d-6897-4515-93f8-b4483e0991da,6456b43d-3080-472b-b06d-ea418ec91e06,2024-12-16T14:02:28Z
8bedae15-b6a3-4315-8db8-eeb75dc9e69a,0f71abbc-58d8-4d07-a849-f35d05d80bc0,2024-12-14T19:23:27Z
79f3f279-2052-4c90-b18f-6439649ee202,241ea10a-e9c6-4253-b9c2-ee4eacd673cd,2024-12-15T11:13:18Z
88bc295e-cabc-483b-baa4-aef568a28cba,21ca3524-d25c-4f35-98ae-dc231b50860d,2024-12-15T12:45:16Z
12208683-36ef-43ff-bd96-1b55ceb5c1bb,02826d21-c6d0-4dd2-bd5c-08124a6cee5a,2024-12-15T16:47:28Z
59c589e0-2075-4fcc-8e27-c3603ab6c7a5,c890e052-a0ea-4638-a187-6574127750eb,2024-12-17T11:55:11Z
d121d830-9513-4450-b53a-b3da9ba34f7f,0d97d04e-5be9-49e6-928f-1cc2c6730d6d,2024-12-17T17:16:36Z
301f1502-2107-4bb7-b4c3-f33d341f0918,a45f3847-8c03-4c6e-85f6-63f4ed4fa97a,2024-12-14T18:09:38Z
bf801961-188d-43d1-b1fb-fb29fa04514f,7ceddddd-7108-4ff6-be94-c6b6a780f41a,2024-12-18T14:44:14Z
3ba0b4a5-eed8-4ce2-9082-e219ab082b3c,dcdbc051-28d8-4017-9845-c8ca80a64459,2024-12-16T14:15:40Z
291ad005-c5c6-4a8e-8c12-c0a3f1323d2b,907b0afd-565f-43aa-aaca-acc030665d1a,2024-12-18T14:23:07Z
ad01bddd-538a-4969-acee-cc53e635c919,8dd47c90-3827-47f5-97a1-fdc2d9e7ac48,2024-12-15T14:21:44Z
693f719c-4858-4a42-b1e1-7b7fa7f33e06,718b828b-0445-43a3-ab47-1358c1ceef73,2024-12-16T19:10:35Z
d121d830-9513-4450-b53a-b3da9ba34f7f,d3c667fb-fadc-480f-a76c-c36338f26acb,2024-12-16T19:50:05Z
754f0faf-2a76-4132-bc0e-2a9b73ffddf7,85612193-cd46-4787-974f-5991a0eb8805,2024-12-16T19:43:57Z
f8ca2d09-990f-4408-bdfc-a0982d9e8a23,fd73c185-8073-4c4d-b459-cc595c4bcdaf,2024-12-14T17:38:04Z
a8c76b4f-b8b1-458c-ab43-0bfcf69e9957,7ee262b3-bea1-48c5-b84d-4369d7cccb59,2024-12-18T17:44:36Z
7fdfb1f0-58bc-4330-9bb4-09ffa0d587a2,20dfd8ea-1636-43ea-99e2-b20325336287,2024-12-18T17:28:24Z
fc09727d-7317-45d6-bbbb-ca19a044b567,1ca4b2cc-1f63-4dde-b0ca-8da51b470128,2024-12-18T19:24:28Z
bbf93f8f-1566-45fe-bb17-0804006510c6,027ad115-025b-4153-8c1c-f78bd1aeef3d,2024-12-18T13:38:04Z
74eabce0-ab32-461d-be6e-aa248fbae373,c890e052-a0ea-4638-a187-6574127750eb,2024-12-18T14:23:27Z
fc09727d-7317-45d6-bbbb-ca19a044b567,9bc34429-a65f-4018-b636-ada0dcf5cca2,2024-12-15T11:32:05Z
29b70f02-72f0-4a19-a26b-87e7919f14ec,9f528680-d07c-4d48-af21-419d9996e7cd,2024-12-16T14:06:03Z
301f1502-2107-4bb7-b4c3-f33d341f0918,171169c8-b1a0-4f90-8372-381f09aa3032,2024-12-15T12:55:20Z
e72abd83-97d6-4bc7-9c1e-4508c460fcf2,14f65e9d-f199-4986-824f-8e91c2320109,2024-12-15T13:43:54Z
e1c6fd92-9e02-44cc-bda5-b30bb37606ac,9df08649-c065-4a42-bad0-9ac7766373e4,2024-12-18T19:00:19Z
ffa175c1-af0c-472a-ac66-19795a9d3565,939f8062-2d50-454e-85a7-7e46773732c4,2024-12-17T18:44:59Z
c7f140e0-7397-46c1-a959-be4620f80d7f,b8c6ffa2-dacb-4d93-92a0-d125ed5cb7ab,2024-12-14T15:17:16Z
d6de9d4d-900a-47d5-9cb0-5f9492f343af,b3afd3fd-a056-4a6e-8fc3-fb17ead95ceb,2024-12-15T11:02:03Z
516dfda9-db8c-48b3-af55-1e160b05d25f,e24ec255-c8c7-4e23-971f-9da1ebfa8bf0,2024-12-14T13:34:05Z
29b70f02-72f0-4a19-a26b-87e7919f14ec,736d935d-5b56-411c-99fe-329fe02ca8ae,2024-12-15T13:05:31Z
7c25480c-66e3-40ba-9736-52fd9b4e3bf5,80c3819d-ce2d-47fb-a6aa-eb63c3ae0737,2024-12-16T10:50:52Z
7fdfb1f0-58bc-4330-9bb4-09ffa0d587a2,77a440ca-e6a0-4eef-a34c-80a984b2b9c0,2024-12-18T16:12:29Z
df9a26f8-da1a-4d41-9ac3-7e1422ac82c9,0f71abbc-58d8-4d07-a849-f35d05d80bc0,2024-12-14T12:14:01Z
f4cbd6c6-f592-4c3b-b29c-314adb075ef0,8970c99e-9eb9-46fa-8655-5aa5dcb34832,2024-12-18T14:42:55Z
754f0faf-2a76-4132-bc0e-2a9b73ffddf7,4353345c-4c01-49db-9e11-1f2e46870b88,2024-12-18T17:55:51Z
03f34895-4bad-4107-92a9-d266a35d34f4,ca8f5565-22e2-4c03-a3eb-45ddbdae1d6c,2024-12-14T16:40:35Z
d121d830-9513-4450-b53a-b3da9ba34f7f,8af5cb3b-80c2-4433-beea-6deba033d0b0,2024-12-18T16:52:57Z
fc09727d-7317-45d6-bbbb-ca19a044b567,3123d41e-61a6-4640-883e-da9260a7d663,2024-12-17T10:47:05Z
c769110c-2e3d-4976-9404-b771f4869f68,77a440ca-e6a0-4eef-a34c-80a984b2b9c0,2024-12-17T15:51:07Z
3b9df179-9e12-44f3-8e63-647a1efe7ba2,cd9ca562-fc34-441a-87ec-4821b8f17dd0,2024-12-14T11:28:12Z
c769110c-2e3d-4976-9404-b771f4869f68,6656e675-055c-487a-a96a-fc128d4709af,2024-12-18T19:22:30Z
ad01bddd-538a-4969-acee-cc53e635c919,91ae9723-8f08-4bdb-a5d6-762503ed3061,2024-12-16T12:25:07Z
ffa175c1-af0c-472a-ac66-19795a9d3565,8077ca3b-3dac-4fad-96fd-dda3407d608c,2024-12-17T19:12:09Z
f4cbd6c6-f592-4c3b-b29c-314adb075ef0,488cd174-5197-4f3c-9b08-262cbc19d6b6,2024-12-18T15:41:31Z
3218a6ea-76fc-48a9-a7b8-60e77c14e9c0,27a6f686-38c2-45ce-9b3b-35005047ec96,2024-12-16T10:57:20Z
e72abd83-97d6-4bc7-9c1e-4508c460fcf2,16aa0132-57b9-4330-ab5c-3ad0a7912a1f,2024-12-16T17:18:36Z
12208683-36ef-43ff-bd96-1b55ceb5c1bb,2c9b843c-15ec-49b8-a364-92b9638d9c39,2024-12-18T14:17:11Z
d121d830-9513-4450-b53a-b3da9ba34f7f,171169c8-b1a0-4f90-8372-381f09aa3032,2024-12-15T14:21:17Z
21430b64-3cfb-46c4-aa68-762d56e279f3,6f868789-4bf1-4ee1-9344-4db81a42e868,2024-12-15T13:08:54Z
f4cbd6c6-f592-4c3b-b29c-314adb075ef0,20b6f4d1-71c2-486d-b909-7bb53c651346,2024-12-18T16:47:48Z
301f1502-2107-4bb7-b4c3-f33d341f0918,880acea7-6357-40e2-8892-5df88d0fb659,2024-12-18T12:37:03Z
fc09727d-7317-45d6-bbbb-ca19a044b567,3d5562c3-21ba-4db2-b76d-6fd585c72c6f,2024-12-17T15:08:19Z
8bedae15-b6a3-4315-8db8-eeb75dc9e69a,eb1eeab1-0b6b-4c08-91f5-35f66873a732,2024-12-16T12:51:51Z
f8ca2d09-990f-4408-bdfc-a0982d9e8a23,9d5352e1-9efc-470c-92fd-edb15e6fe611,2024-12-14T11:27:37Z
59c589e0-2075-4fcc-8e27-c3603ab6c7a5,a5aff226-29ec-4b9d-9ebf-64f342ea1df2,2024-12-16T11:44:18Z
bf801961-188d-43d1-b1fb-fb29fa04514f,d39814e9-1c1b-4354-b34a-7f4cc5aa400e,2024-12-18T16:21:46Z
2c3f978a-8ddd-4e14-8523-30c22d6196b3,f8d7d210-b35e-48c0-877e-a2dd4a193403,2024-12-18T18:42:54Z
3ba0b4a5-eed8-4ce2-9082-e219ab082b3c,c149b74c-dc3b-4cc8-92ce-a89f52163269,2024-12-15T11:18:34Z
21430b64-3cfb-46c4-aa68-762d56e279f3,92a61f29-88e9-4845-b748-f3279eb138f3,2024-12-18T17:53:50Z
f8ca2d09-990f-4408-bdfc-a0982d9e8a23,68cc044e-209c-4df0-a6bc-57ce409f1116,2024-12-18T18:37:31Z
c7f140e0-7397-46c1-a959-be4620f80d7f,d7d30f8e-1c76-43f4-9c20-246c6e5e63c2,2024-12-18T15:35:49Z
693f719c-4858-4a42-b1e1-7b7fa7f33e06,6f868789-4bf1-4ee1-9344-4db81a42e868,2024-12-16T14:50:16Z
3b9df179-9e12-44f3-8e63-647a1efe7ba2,eb1eeab1-0b6b-4c08-91f5-35f66873a732,2024-12-18T12:31:56Z
12208683-36ef-43ff-bd96-1b55ceb5c1bb,b2cc6960-12c9-42b1-b614-2638cd89ab15,2024-12-15T13:01:58Z
88bc295e-cabc-483b-baa4-aef568a28cba,eb1eeab1-0b6b-4c08-91f5-35f66873a732,2024-12-18T14:30:31Z
bbf93f8f-1566-45fe-bb17-0804006510c6,3f8db515-51c5-440e-b969-96ae87072a84,2024-12-16T17:29:26Z
301f1502-2107-4bb7-b4c3-f33d341f0918,929fe947-a8eb-4305-9a99-02cc205510ce,2024-12-17T11:53:49Z
a1be0116-5f8c-4c4c-9998-bb884b38c14a,89e3f829-4d9d-4a83-8e17-9c8a2d048b69,2024-12-16T18:03:22Z
93372a13-6431-41b3-a062-efaff946d541,e5a68d2e-18b8-4fda-8487-b02eab7cd40a,2024-12-18T10:05:48Z
09dc78ad-92f4-4fd4-9de7-a00220e8f849,f7840b71-d1d1-440f-8eb0-7104aa701e40,2024-12-17T11:26:18Z
516dfda9-db8c-48b3-af55-1e160b05d25f,84333da1-49fc-4118-aeba-56c2146df39b,2024-12-18T10:26:31Z
41f29498-703e-417d-8021-f06a3251822a,9f9d1554-b9a3-4736-9e54-3da84ee924fb,2024-12-14T10:13:21Z
2c3f978a-8ddd-4e14-8523-30c22d6196b3,57b56549-b50e-4132-8158-09d3d20b4d9f,2024-12-17T17:44:46Z
c769110c-2e3d-4976-9404-b771f4869f68,59257959-cb7e-4f05-b730-8a7372499a51,2024-12-17T18:42:45Z
08153924-525f-4382-b21d-b304cff726ca,727098c6-b467-4ab7-90ed-6744cb66454e,2024-12-18T19:10:35Z
1cd2f848-0b32-4a4a-a90e-517be3be966f,f70ca411-6ca0-4150-aa78-a8a68ebc7e95,2024-12-15T15:13:37Z
09dc78ad-92f4-4fd4-9de7-a00220e8f849,2829189f-4178-4077-96e4-8cbfa69485a3,2024-12-16T17:59:12Z
e1c6fd92-9e02-44cc-bda5-b30bb37606ac,dab66ef6-1568-4cf7-a06e-2e4eceea2f0c,2024-12-17T15:25:43Z
693f719c-4858-4a42-b1e1-7b7fa7f33e06,5daed520-ff05-4f48-ab7c-18b36d247ff4,2024-12-18T15:17:51Z
fd7a43bb-a26d-44d6-95f5-d513de7bb7c3,27a6f686-38c2-45ce-9b3b-35005047ec96,2024-12-16T10:12:10Z
c7f140e0-7397-46c1-a959-be4620f80d7f,5daed520-ff05-4f48-ab7c-18b36d247ff4,2024-12-17T11:33:11Z
4859012f-45e6-4aa9-b8dc-54aa791d6ef2,284c4d31-b597-4095-9255-b884d105f9e6,2024-12-18T12:54:34Z
4859012f-45e6-4aa9-b8dc-54aa791d6ef2,027ad115-025b-4153-8c1c-f78bd1aeef3d,2024-12-15T13:21:38Z
f4cbd6c6-f592-4c3b-b29c-314adb075ef0,f9c8e52b-17c3-4355-a593-73dcc89a070e,2024-12-14T08:58:04Z
bf801961-188d-43d1-b1fb-fb29fa04514f,1ea88b30-3b97-495f-98ab-e1050db79198,2024-12-14T08:01:51Z
77789e4d-6897-4515-93f8-b4483e0991da,494d7b32-08e2-4313-a070-714233522ec2,2024-12-18T08:03:47Z
d121d830-9513-4450-b53a-b3da9ba34f7f,c914377e-3377-4197-b39c-bba2820d680f,2024-12-14T08:24:54Z
e64ab892-a46c-4db8-84c3-86a00fafdbb2,5daed520-ff05-4f48-ab7c-18b36d247ff4,2024-12-18T08:01:26Z
7fdfb1f0-58bc-4330-9bb4-09ffa0d587a2,fd7c0870-23ae-4de6-86c9-71a45fa75238,2024-12-18T08:50:07Z
bbf93f8f-1566-45fe-bb17-0804006510c6,2829189f-4178-4077-96e4-8cbfa69485a3,2024-12-15T08:38:21Z
797541c8-6294-47b7-9f00-430af6d919c6,7c896835-aa4d-4cce-b666-246b7b23b434,2024-12-17T08:47:43Z
516dfda9-db8c-48b3-af55-1e160b05d25f,fb094333-d5f0-4e70-bd2f-10978bad821a,2024-12-16T08:22:32Z
e72abd83-97d6-4bc7-9c1e-4508c460fcf2,63b37196-de7a-4621-bf2c-35c43a4b8ed3,2024-12-15T08:30:57Z
ebb9e125-5b1f-4735-80e3-2756c5ae390a,f7038c6f-d395-4b83-8586-ce732b1bc1f2,2024-12-17T08:28:47Z
ebb9e125-5b1f-4735-80e3-2756c5ae390a,ec7f57fb-0922-4382-a8b9-4d14cb95dae8,2024-12-15T08:15:40Z
301f1502-2107-4bb7-b4c3-f33d341f0918,47d5efa3-cdff-4c94-9095-7c6986f913b7,2024-12-17T08:42:15Z
e1c6fd92-9e02-44cc-bda5-b30bb37606ac,1364c11c-6c7a-432c-a4bd-1ea8ce23fcea,2024-12-16T08:05:39Z
291ad005-c5c6-4a8e-8c12-c0a3f1323d2b,5daed520-ff05-4f48-ab7c-18b36d247ff4,2024-12-17T08:34:34Z
6b26e9d1-8cd2-4cfa-9f01-a0a652d3bc50,5335b3c0-442d-4cef-9c86-35f457266a7b,2024-12-17T08:26:02Z
d121d830-9513-4450-b53a-b3da9ba34f7f,ef83bc9f-7204-4e0a-9b17-fefa7cc0dbca,2024-12-15T08:25:27Z
88bc295e-cabc-483b-baa4-aef568a28cba,dd870ab1-11f5-4251-80eb-223f9695d8bb,2024-12-14T08:23:39Z
df9a26f8-da1a-4d41-9ac3-7e1422ac82c9,5087f184-a531-4e5b-b8b9-f53944a79d3b,2024-12-17T08:22:37Z
f4cbd6c6-f592-4c3b-b29c-314adb075ef0,c4cc41c8-36c2-47ea-99fc-7c6f9770b152,2024-12-17T08:16:10Z
e64ab892-a46c-4db8-84c3-86a00fafdbb2,4e4d57fe-f16b-4e87-94f4-becceb6de815,2024-12-15T08:53:19Z
f4cbd6c6-f592-4c3b-b29c-314adb075ef0,547c4dc1-0193-49e5-9b78-b77ff48fe717,2024-12-16T08:59:50Z
516dfda9-db8c-48b3-af55-1e160b05d25f,8d1dc566-ce65-4313-9c29-5a84dbaf8bbd,2024-12-17T08:51:04Z
41f29498-703e-417d-8021-f06a3251822a,b57e63b5-f0ac-495a-86fb-c325d76b72f1,2024-12-15T08:06:02Z
df9a26f8-da1a-4d41-9ac3-7e1422ac82c9,8058e405-2cd4-47e9-8159-96813e33bd1b,2024-12-14T08:51:40Z
1cd2f848-0b32-4a4a-a90e-517be3be966f,9f9d1554-b9a3-4736-9e54-3da84ee924fb,2024-12-15T08:18:28Z
bf801961-188d-43d1-b1fb-fb29fa04514f,d4de365b-20ef-4843-9bcc-00079a01b2b0,2024-12-17T08:57:16Z
79f3f279-2052-4c90-b18f-6439649ee202,3699fa0f-eab5-4e9a-88b3-6a630342cbed,2024-12-15T08:28:02Z
03f34895-4bad-4107-92a9-d266a35d34f4,f7038c6f-d395-4b83-8586-ce732b1bc1f2,2024-12-17T08:55:13Z
08153924-525f-4382-b21d-b304cff726ca,b8d6a45c-8bac-41c8-b7f4-da454e7a6cd8,2024-12-16T08:35:45Z
93372a13-6431-41b3-a062-efaff946d541,88ab57c0-8731-4503-a08c-7be0840d0379,2024-12-16T08:04:35Z
9bd42fe3-f689-4161-8196-a12ca530cc4a,b57e63b5-f0ac-495a-86fb-c325d76b72f1,2024-12-17T08:51:46Z
fc09727d-7317-45d6-bbbb-ca19a044b567,d50748f1-d497-4dff-aa03-f8326ae06520,2024-12-16T08:28:50Z
fc09727d-7317-45d6-bbbb-ca19a044b567,3a6df30a-47a2-420f-ae88-c75d914790c4,2024-12-14T08:31:30Z
12208683-36ef-43ff-bd96-1b55ceb5c1bb,ffe85b5f-e39a-4ca0-af80-fbd0de7beff4,2024-12-18T08:01:40Z
754f0faf-2a76-4132-bc0e-2a9b73ffddf7,3699fa0f-eab5-4e9a-88b3-6a630342cbed,2024-12-17T08:03:39Z
79f3f279-2052-4c90-b18f-6439649ee202,3f0c0572-c094-4f08-b275-d51c37c2832d,2024-12-15T08:58:16Z
4859012f-45e6-4aa9-b8dc-54aa791d6ef2,4353345c-4c01-49db-9e11-1f2e46870b88,2024-12-14T08:40:03Z
c769110c-2e3d-4976-9404-b771f4869f68,90503bd5-4042-478f-97b8-15f357a14341,2024-12-18T08:58:56Z
4859012f-45e6-4aa9-b8dc-54aa791d6ef2,20dfd8ea-1636-43ea-99e2-b20325336287,2024-12-14T08:11:39Z
6b26e9d1-8cd2-4cfa-9f01-a0a652d3bc50,f396a231-7582-42e3-a769-b106b31fbaad,2024-12-14T08:46:16Z
ebb9e125-5b1f-4735-80e3-2756c5ae390a,907b0afd-565f-43aa-aaca-acc030665d1a,2024-12-15T08:57:27Z
f8ca2d09-990f-4408-bdfc-a0982d9e8a23,a3126170-a5c6-464e-86b0-850004d1f914,2024-12-16T09:16:36Z
d121d830-9513-4450-b53a-b3da9ba34f7f,e4217ed6-d8cd-44e8-aba6-04fb1866cf2d,2024-12-18T09:59:12Z
2c3f978a-8ddd-4e14-8523-30c22d6196b3,11a715e4-bd5f-4d96-97c0-7357e1af279c,2024-12-18T09:40:58Z
12208683-36ef-43ff-bd96-1b55ceb5c1bb,544fc9cc-1305-4682-956a-d0755cfd471d,2024-12-15T09:34:30Z
d121d830-9513-4450-b53a-b3da9ba34f7f,0f71abbc-58d8-4d07-a849-f35d05d80bc0,2024-12-18T09:27:59Z
f4cbd6c6-f592-4c3b-b29c-314adb075ef0,fd73c185-8073-4c4d-b459-cc595c4bcdaf,2024-12-18T09:39:01Z
693f719c-4858-4a42-b1e1-7b7fa7f33e06,03208956-442c-488b-a13c-42cf404181e4,2024-12-14T09:29:12Z
21aacf75-c33a-4108-88f5-8f0e835017c4,c3196438-652e-4d14-aa9f-2a8ea704a57c,2024-12-17T09:23:54Z
c7f140e0-7397-46c1-a959-be4620f80d7f,b8b7ddc8-3275-4805-8f7e-a308e9154f47,2024-12-17T09:28:49Z
ca3222f6-860b-4784-9c59-381d487fdd9c,8f81c52f-2e65-4b01-b259-4ce2b6f6dbc8,2024-12-16T09:46:06Z
d121d830-9513-4450-b53a-b3da9ba34f7f,8dd47c90-3827-47f5-97a1-fdc2d9e7ac48,2024-12-14T09:38:56Z
df9a26f8-da1a-4d41-9ac3-7e1422ac82c9,7f0fcc29-6b67-4131-bf97-df36c7e76e21,2024-12-15T09:09:03Z
5e9f81d4-e70a-44c1-b72b-2393218a3eae,9e735de9-045d-4276-a100-4563bf323c25,2024-12-14T09:27:03Z
f8ca2d09-990f-4408-bdfc-a0982d9e8a23,ce28a961-7602-490c-af29-f59bbb464abc,2024-12-18T09:44:20Z
df9a26f8-da1a-4d41-9ac3-7e1422ac82c9,6f868789-4bf1-4ee1-9344-4db81a42e868,2024-12-15T09:00:46Z
29b70f02-72f0-4a19-a26b-87e7919f14ec,d50748f1-d497-4dff-aa03-f8326ae06520,2024-12-16T09:41:55Z
693f719c-4858-4a42-b1e1-7b7fa7f33e06,a921f54d-7953-4711-851a-25e44a561fb3,2024-12-17T09:56:02Z
1cd2f848-0b32-4a4a-a90e-517be3be966f,8f81c52f-2e65-4b01-b259-4ce2b6f6dbc8,2024-12-14T09:11:02Z
e72abd83-97d6-4bc7-9c1e-4508c460fcf2,d4de365b-20ef-4843-9bcc-00079a01b2b0,2024-12-18T09:50:45Z
516dfda9-db8c-48b3-af55-1e160b05d25f,c6c5ef5e-fb22-4da6-a993-6394ec44fb42,2024-12-18T09:22:28Z
21430b64-3cfb-46c4-aa68-762d56e279f3,f751be35-e65c-4176-8bbd-bc871dc5b276,2024-12-18T09:39:53Z
ad01bddd-538a-4969-acee-cc53e635c919,8fbda203-1248-4a99-b653-6d4baf8e1cbc,2024-12-15T09:20:38Z
f040d8a6-0f9a-43eb-bfee-923def87bb19,5cb15a0d-bc47-45ab-8a87-7069e04201a7,2024-12-18T09:28:31Z
6b26e9d1-8cd2-4cfa-9f01-a0a652d3bc50,36d5de91-0ae6-497f-a51e-2f9a756cf86b,2024-12-15T09:25:08Z
6b26e9d1-8cd2-4cfa-9f01-a0a652d3bc50,4fadc8ea-d7cb-4c22-9599-371e57a326f5,2024-12-17T09:54:38Z
88bc295e-cabc-483b-baa4-aef568a28cba,a921f54d-7953-4711-851a-25e44a561fb3,2024-12-14T09:44:49Z
ad01bddd-538a-4969-acee-cc53e635c919,4955acbf-c8ea-4b23-af91-cebe364cdb15,2024-12-15T09:03:11Z
c7f140e0-7397-46c1-a959-be4620f80d7f,a5aff226-29ec-4b9d-9ebf-64f342ea1df2,2024-12-18T09:01:43Z
301f1502-2107-4bb7-b4c3-f33d341f0918,1a80539d-ccf8-4d65-b716-80e28b7c5938,2024-12-15T09:43:08Z
59c589e0-2075-4fcc-8e27-c3603ab6c7a5,4ee88d98-62e2-49be-b7fc-a401cabc2f03,2024-12-14T09:11:11Z
6b26e9d1-8cd2-4cfa-9f01-a0a652d3bc50,be89ee2a-7bd2-4e72-a212-a143ef7946b0,2024-12-14T09:30:39Z
29b70f02-72f0-4a19-a26b-87e7919f14ec,2bab72b7-bdb4-47db-966d-84592f98f2ac,2024-12-18T09:25:08Z
ad01bddd-538a-4969-acee-cc53e635c919,3a6df30a-47a2-420f-ae88-c75d914790c4,2024-12-15T10:53:35Z
f4cbd6c6-f592-4c3b-b29c-314adb075ef0,12865faa-203e-4215-a0f3-532d325005a4,2024-12-17T10:49:18Z
fc09727d-7317-45d6-bbbb-ca19a044b567,8dd47c90-3827-47f5-97a1-fdc2d9e7ac48,2024-12-16T10:22:31Z
21aacf75-c33a-4108-88f5-8f0e835017c4,bb8c5465-566e-4eed-96c6-38461ca2d73a,2024-12-18T10:15:11Z
e72abd83-97d6-4bc7-9c1e-4508c460fcf2,eb1eeab1-0b6b-4c08-91f5-35f66873a732,2024-12-18T10:42:26Z
516dfda9-db8c-48b3-af55-1e160b05d25f,5d647964-2c3c-4322-9404-13da47921895,2024-12-15T10:03:05Z
ebb9e125-5b1f-4735-80e3-2756c5ae390a,5d9c68cd-2e7f-46e5-bf99-095a75fda8fe,2024-12-15T10:40:08Z
8bedae15-b6a3-4315-8db8-eeb75dc9e69a,5087f184-a531-4e5b-b8b9-f53944a79d3b,2024-12-15T10:28:22Z
3ba0b4a5-eed8-4ce2-9082-e219ab082b3c,718b828b-0445-43a3-ab47-1358c1ceef73,2024-12-18T10:26:17Z
12208683-36ef-43ff-bd96-1b55ceb5c1bb,2e13d414-5282-4a4a-af03-4c4c8989c817,2024-12-15T10:11:39Z
291ad005-c5c6-4a8e-8c12-c0a3f1323d2b,b8b7ddc8-3275-4805-8f7e-a308e9154f47,2024-12-15T10:56:40Z
08750979-db4c-4966-8a4a-1ff25a7c097f,19067d7f-1b62-4f9d-b0b9-1005f1ef5f45,2024-12-18T10:08:21Z
291ad005-c5c6-4a8e-8c12-c0a3f1323d2b,a80fc85e-2912-491b-90d7-fe925c6c51b7,2024-12-16T10:37:40Z
ad01bddd-538a-4969-acee-cc53e635c919,645a1493-2f9c-4b5f-b797-f3f46ed5408b,2024-12-15T10:42:51Z
3ba0b4a5-eed8-4ce2-9082-e219ab082b3c,b57a2d09-d04b-481d-bf02-a2f957bed151,2024-12-17T10:19:58Z
bf801961-188d-43d1-b1fb-fb29fa04514f,3f8db515-51c5-440e-b969-96ae87072a84,2024-12-16T10:25:33Z
a8c76b4f-b8b1-458c-ab43-0bfcf69e9957,8207710c-832b-4fc2-98c7-d906eb7c012e,2024-12-17T10:55:56Z
fec7dbb7-f0d3-497d-8547-3da0e168b94d,5daed520-ff05-4f48-ab7c-18b36d247ff4,2024-12-18T10:33:36Z
29b70f02-72f0-4a19-a26b-87e7919f14ec,9df08649-c065-4a42-bad0-9ac7766373e4,2024-12-15T10:43:14Z
59c589e0-2075-4fcc-8e27-c3603ab6c7a5,3f8db515-51c5-440e-b969-96ae87072a84,2024-12-17T10:11:07Z
9bd42fe3-f689-4161-8196-a12ca530cc4a,a08dfca4-273c-468f-a664-2bdb25d67551,2024-12-16T10:12:08Z
88bc295e-cabc-483b-baa4-aef568a28cba,ada73221-55ab-4993-8aff-1c6dcc44a8f5,2024-12-15T10:12:44Z
693f719c-4858-4a42-b1e1-7b7fa7f33e06,f8d7d210-b35e-48c0-877e-a2dd4a193403,2024-12-15T10:45:33Z
74eabce0-ab32-461d-be6e-aa248fbae373,6bb64ab6-f8e3-47d0-9399-abf27adcd0d6,2024-12-18T10:13:37Z
291ad005-c5c6-4a8e-8c12-c0a3f1323d2b,e5a68d2e-18b8-4fda-8487-b02eab7cd40a,2024-12-14T10:24:36Z
cc1a9863-4dc2-49cd-83e4-9c1964f639f6,9b2f60ae-d0cc-40af-a4d0-a703da68683b,2024-12-16T10:35:41Z
21430b64-3cfb-46c4-aa68-762d56e279f3,e56f6f82-7d91-4638-9dc0-4bd72fe2731c,2024-12-17T10:07:25Z
a8c76b4f-b8b1-458c-ab43-0bfcf69e9957,1f34277d-112b-47a5-a926-ffdef21cc2ab,2024-12-14T11:36:51Z
fec7dbb7-f0d3-497d-8547-3da0e168b94d,b5ad2ce2-4729-4dc6-80e6-51b4551e5fea,2024-12-14T11:15:36Z
f4cbd6c6-f592-4c3b-b29c-314adb075ef0,47d5efa3-cdff-4c94-9095-7c6986f913b7,2024-12-18T11:06:18Z
3ba0b4a5-eed8-4ce2-9082-e219ab082b3c,bf7f947a-8988-4774-8f2b-7fafea68587f,2024-12-14T11:27:35Z
693f719c-4858-4a42-b1e1-7b7fa7f33e06,7ceddddd-7108-4ff6-be94-c6b6a780f41a,2024-12-18T11:45:06Z
4859012f-45e6-4aa9-b8dc-54aa791d6ef2,4b2fc428-987f-4d4d-9650-bb7a7037c148,2024-12-17T11:52:21Z
2c3f978a-8ddd-4e14-8523-30c22d6196b3,ebf9cd9c-a34c-47af-8824-bac71a813246,2024-12-18T11:04:08Z
e1c6fd92-9e02-44cc-bda5-b30bb37606ac,544fc9cc-1305-4682-956a-d0755cfd471d,2024-12-15T11:02:28Z
79f3f279-2052-4c90-b18f-6439649ee202,c8f01284-68f1-4632-b7b2-0d266a1beef3,2024-12-17T11:27:30Z
8c1c8b1c-8cf8-490e-b48f-2b5b7b002a40,5f5da508-4116-4a7b-b23d-359b3721cf5e,2024-12-17T11:42:55Z
ebb9e125-5b1f-4735-80e3-2756c5ae390a,c149b74c-dc3b-4cc8-92ce-a89f52163269,2024-12-18T11:00:24Z
693f719c-4858-4a42-b1e1-7b7fa7f33e06,8af5cb3b-80c2-4433-beea-6deba033d0b0,2024-12-15T11:25:06Z
a8c76b4f-b8b1-458c-ab43-0bfcf69e9957,ec7f57fb-0922-4382-a8b9-4d14cb95dae8,2024-12-15T11:59:06Z
f8ca2d09-990f-4408-bdfc-a0982d9e8a23,7ee262b3-bea1-48c5-b84d-4369d7cccb59,2024-12-14T11:07:43Z
e1c6fd92-9e02-44cc-bda5-b30bb37606ac,43565016-1744-46f3-a4b0-1b0e12e069a2,2024-12-14T11:29:57Z
29b70f02-72f0-4a19-a26b-87e7919f14ec,3699fa0f-eab5-4e9a-88b3-6a630342cbed,2024-12-16T11:22:31Z
e64ab892-a46c-4db8-84c3-86a00fafdbb2,5335b3c0-442d-4cef-9c86-35f457266a7b,2024-12-15T11:11:25Z
291ad005-c5c6-4a8e-8c12-c0a3f1323d2b,4fadc8ea-d7cb-4c22-9599-371e57a326f5,2024-12-17T11:02:51Z
fec7dbb7-f0d3-497d-8547-3da0e168b94d,89e3f829-4d9d-4a83-8e17-9c8a2d048b69,2024-12-17T11:59:39Z
6b26e9d1-8cd2-4cfa-9f01-a0a652d3bc50,1f34277d-112b-47a5-a926-ffdef21cc2ab,2024-12-16T11:02:36Z
291ad005-c5c6-4a8e-8c12-c0a3f1323d2b,c975b693-e453-41b0-a3bf-90d30bb61ceb,2024-12-17T11:04:53Z
6b26e9d1-8cd2-4cfa-9f01-a0a652d3bc50,63c81473-8cce-4a22-bc16-69dcdbfcdf4b,2024-12-15T11:54:41Z
59c589e0-2075-4fcc-8e27-c3603ab6c7a5,7ceddddd-7108-4ff6-be94-c6b6a780f41a,2024-12-16T11:57:32Z
fc09727d-7317-45d6-bbbb-ca19a044b567,a91afe28-0ed0-4428-aa0b-558a821b3f87,2024-12-17T11:35:24Z
bf801961-188d-43d1-b1fb-fb29fa04514f,b8b7ddc8-3275-4805-8f7e-a308e9154f47,2024-12-14T11:53:42Z
9bd42fe3-f689-4161-8196-a12ca530cc4a,f8d7d210-b35e-48c0-877e-a2dd4a193403,2024-12-18T11:06:01Z
08153924-525f-4382-b21d-b304cff726ca,dcdbc051-28d8-4017-9845-c8ca80a64459,2024-12-14T11:49:40Z
291ad005-c5c6-4a8e-8c12-c0a3f1323d2b,27a6f686-38c2-45ce-9b3b-35005047ec96,2024-12-15T11:29:07Z
301f1502-2107-4bb7-b4c3-f33d341f0918,718b828b-0445-43a3-ab47-1358c1ceef73,2024-12-14T12:35:05Z
fd7a43bb-a26d-44d6-95f5-d513de7bb7c3,8077ca3b-3dac-4fad-96fd-dda3407d608c,2024-12-18T12:10:21Z
3b9df179-9e12-44f3-8e63-647a1efe7ba2,a80fc85e-2912-491b-90d7-fe925c6c51b7,2024-12-15T12:27:54Z
1cd2f848-0b32-4a4a-a90e-517be3be966f,27a6f686-38c2-45ce-9b3b-35005047ec96,2024-12-18T12:59:26Z
59c589e0-2075-4fcc-8e27-c3603ab6c7a5,464b7d8c-5e9c-412b-82cf-6fc84c72e686,2024-12-18T12:11:18Z
41f29498-703e-417d-8021-f06a3251822a,c6fc63e6-074d-4967-bc0a-7f6c45d5949d,2024-12-18T12:16:41Z
bf801961-188d-43d1-b1fb-fb29fa04514f,fc6a9def-cd00-42ad-8b54-1fcf1c27d9de,2024-12-14T12:17:26Z
3b9df179-9e12-44f3-8e63-647a1efe7ba2,4f8689b7-c0cc-47a2-aa19-0e14db6581e1,2024-12-17T12:55:55Z
59c589e0-2075-4fcc-8e27-c3603ab6c7a5,b8d6a45c-8bac-41c8-b7f4-da454e7a6cd8,2024-12-18T12:50:46Z
fec7dbb7-f0d3-497d-8547-3da0e168b94d,be89ee2a-7bd2-4e72-a212-a143ef7946b0,2024-12-18T12:44:57Z
ebb9e125-5b1f-4735-80e3-2756c5ae390a,405fc5fc-d669-4272-8f0c-a681f7c2e76d,2024-12-16T12:07:47Z
53c691e0-2642-4a0d-aba2-e8577e85ad77,cd9ca562-fc34-441a-87ec-4821b8f17dd0,2024-12-14T12:25:43Z
cc1a9863-4dc2-49cd-83e4-9c1964f639f6,fd7c0870-23ae-4de6-86c9-71a45fa75238,2024-12-18T12:19:40Z
754f0faf-2a76-4132-bc0e-2a9b73ffddf7,88ab57c0-8731-4503-a08c-7be0840d0379,2024-12-17T12:48:31Z
53c691e0-2642-4a0d-aba2-e8577e85ad77,d29b4252-8b11-4590-8662-c773988ce5c3,2024-12-16T12:21:47Z
e1c6fd92-9e02-44cc-bda5-b30bb37606ac,d26dc5c5-247f-4466-bb59-dc9e39c8a9be,2024-12-17T12:11:23Z
3b9df179-9e12-44f3-8e63-647a1efe7ba2,2c9b843c-15ec-49b8-a364-92b9638d9c39,2024-12-17T12:33:38Z
2c3f978a-8ddd-4e14-8523-30c22d6196b3,09310e50-c9e4-474c-958c-5f5e011a3bc3,2024-12-17T12:50:30Z
09dc78ad-92f4-4fd4-9de7-a00220e8f849,be89ee2a-7bd2-4e72-a212-a143ef7946b0,2024-12-16T12:41:54Z
fc09727d-7317-45d6-bbbb-ca19a044b567,f396a231-7582-42e3-a769-b106b31fbaad,2024-12-14T12:53:52Z
12208683-36ef-43ff-bd96-1b55ceb5c1bb,2a7a82b7-5893-4f9b-889c-fcd19b4d5cc7,2024-12-17T12:43:56Z
516dfda9-db8c-48b3-af55-1e160b05d25f,02826d21-c6d0-4dd2-bd5c-08124a6cee5a,2024-12-15T12:22:59Z
765683b9-0351-41b9-8cbc-a49feb57a0fe,5733ecc0-e247-4f88-b868-011b8b2ff8b0,2024-12-17T12:51:34Z
a1be0116-5f8c-4c4c-9998-bb884b38c14a,1f5f3357-f66d-46c4-a521-f10351d46130,2024-12-14T13:17:44Z
09dc78ad-92f4-4fd4-9de7-a00220e8f849,0d97d04e-5be9-49e6-928f-1cc2c6730d6d,2024-12-18T13:26:13Z
f040d8a6-0f9a-43eb-bfee-923def87bb19,89e3f829-4d9d-4a83-8e17-9c8a2d048b69,2024-12-18T13:57:34Z
d6de9d4d-900a-47d5-9cb0-5f9492f343af,a921f54d-7953-4711-851a-25e44a561fb3,2024-12-14T13:49:11Z
ffa175c1-af0c-472a-ac66-19795a9d3565,5d467f8a-51de-44e8-8d94-65e0ba43e32c,2024-12-16T13:02:08Z
03f34895-4bad-4107-92a9-d266a35d34f4,3a6df30a-47a2-420f-ae88-c75d914790c4,2024-12-15T13:23:10Z
08153924-525f-4382-b21d-b304cff726ca,16bfd75b-bc97-4add-97dd-1643ba61494a,2024-12-17T13:16:51Z
301f1502-2107-4bb7-b4c3-f33d341f0918,c6fc63e6-074d-4967-bc0a-7f6c45d5949d,2024-12-14T13:04:44Z
79f3f279-2052-4c90-b18f-6439649ee202,f8848de0-7874-4078-ae75-96fe62a5c618,2024-12-18T13:13:52Z
d6de9d4d-900a-47d5-9cb0-5f9492f343af,027ad115-025b-4153-8c1c-f78bd1aeef3d,2024-12-18T13:34:33Z
d121d830-9513-4450-b53a-b3da9ba34f7f,4f431bc9-103b-45d4-a9a2-09b990ae4fef,2024-12-18T13:36:43Z
fec7dbb7-f0d3-497d-8547-3da0e168b94d,cd9ca562-fc34-441a-87ec-4821b8f17dd0,2024-12-17T13:59:09Z
59c589e0-2075-4fcc-8e27-c3603ab6c7a5,4e4d57fe-f16b-4e87-94f4-becceb6de815,2024-12-15T13:32:39Z
79f3f279-2052-4c90-b18f-6439649ee202,5f5da508-4116-4a7b-b23d-359b3721cf5e,2024-12-17T13:37:51Z
08153924-525f-4382-b21d-b304cff726ca,85612193-cd46-4787-974f-5991a0eb8805,2024-12-17T13:27:00Z
2c3f978a-8ddd-4e14-8523-30c22d6196b3,f5d3b7b2-b03d-443f-9052-45d0133caacc,2024-12-18T13:42:41Z
ad01bddd-538a-4969-acee-cc53e635c919,7ceddddd-7108-4ff6-be94-c6b6a780f41a,2024-12-14T13:03:29Z
93372a13-6431-41b3-a062-efaff946d541,edaa750c-1c80-4ec7-bb6f-3ba8ddbc8c2f,2024-12-18T13:42:21Z
d121d830-9513-4450-b53a-b3da9ba34f7f,dd870ab1-11f5-4251-80eb-223f9695d8bb,2024-12-15T13:51:34Z
516dfda9-db8c-48b3-af55-1e160b05d25f,dcdbc051-28d8-4017-9845-c8ca80a64459,2024-12-18T13:29:48Z
08153924-525f-4382-b21d-b304cff726ca,d20bc370-6edc-4906-8d60-9fc4a32081c0,2024-12-16T13:40:00Z
3b9df179-9e12-44f3-8e63-647a1efe7ba2,90503bd5-4042-478f-97b8-15f357a14341,2024-12-17T13:31:55Z
e64ab892-a46c-4db8-84c3-86a00fafdbb2,5d647964-2c3c-4322-9404-13da47921895,2024-12-15T13:02:42Z
6b26e9d1-8cd2-4cfa-9f01-a0a652d3bc50,5d467f8a-51de-44e8-8d94-65e0ba43e32c,2024-12-18T13:46:36Z
e72abd83-97d6-4bc7-9c1e-4508c460fcf2,ffe85b5f-e39a-4ca0-af80-fbd0de7beff4,2024-12-18T13:25:20Z
c7f140e0-7397-46c1-a959-be4620f80d7f,89e3f829-4d9d-4a83-8e17-9c8a2d048b69,2024-12-14T13:30:05Z
1cd2f848-0b32-4a4a-a90e-517be3be966f,72f8af47-b8d3-4712-b817-aedaeed2ad4f,2024-12-15T13:29:38Z
f4cbd6c6-f592-4c3b-b29c-314adb075ef0,a1cb34d7-dbf3-4521-b22e-2df346660caf,2024-12-18T13:13:46Z
e64ab892-a46c-4db8-84c3-86a00fafdbb2,19f6776f-2e63-4566-9e7c-94da55ee0f8c,2024-12-17T13:50:16Z
c769110c-2e3d-4976-9404-b771f4869f68,4663b0e3-b657-4210-a17a-9a5642da342e,2024-12-14T13:59:27Z
e72abd83-97d6-4bc7-9c1e-4508c460fcf2,1ca952d8-84e8-4e02-915f-42d71ed12440,2024-12-16T13:16:46Z
4859012f-45e6-4aa9-b8dc-54aa791d6ef2,362d203e-10c1-4265-88f2-110973afc021,2024-12-16T13:23:10Z
29b70f02-72f0-4a19-a26b-87e7919f14ec,065cc2a5-fb17-4226-85cf-38aebcbc2700,2024-12-14T13:12:51Z
3b9df179-9e12-44f3-8e63-647a1efe7ba2,46692acf-d38a-4b49-9dfc-bd24dd13f231,2024-12-16T13:54:55Z
08153924-525f-4382-b21d-b304cff726ca,bac808c3-9bd2-4b45-bf71-d0e572e3067d,2024-12-17T13:36:57Z
e72abd83-97d6-4bc7-9c1e-4508c460fcf2,f7038c6f-d395-4b83-8586-ce732b1bc1f2,2024-12-14T13:45:50Z
88bc295e-cabc-483b-baa4-aef568a28cba,89e3f829-4d9d-4a83-8e17-9c8a2d048b69,2024-12-17T14:18:37Z
9bd42fe3-f689-4161-8196-a12ca530cc4a,dabd1e89-c8de-4856-a2c0-2c39b50af51e,2024-12-16T14:47:13Z
ebb9e125-5b1f-4735-80e3-2756c5ae390a,d26dc5c5-247f-4466-bb59-dc9e39c8a9be,2024-12-18T14:23:07Z
797541c8-6294-47b7-9f00-430af6d919c6,544fc9cc-1305-4682-956a-d0755cfd471d,2024-12-14T14:01:19Z
fd7a43bb-a26d-44d6-95f5-d513de7bb7c3,f2bec6b3-beed-4296-bca7-505a9d5106e8,2024-12-16T14:56:53Z
ebb9e125-5b1f-4735-80e3-2756c5ae390a,f751be35-e65c-4176-8bbd-bc871dc5b276,2024-12-15T14:11:46Z
21430b64-3cfb-46c4-aa68-762d56e279f3,23213e7a-f4f1-4eea-a3b7-cfd020cb00be,2024-12-15T14:20:46Z
c7f140e0-7397-46c1-a959-be4620f80d7f,cd9ca562-fc34-441a-87ec-4821b8f17dd0,2024-12-18T14:33:59Z
c7f140e0-7397-46c1-a959-be4620f80d7f,e6c526b2-279c-4c6b-b597-f919f4d9730e,2024-12-18T14:01:10Z
cc1a9863-4dc2-49cd-83e4-9c1964f639f6,d75c8d7d-a8e9-4555-9493-2c9435bd8be2,2024-12-14T14:53:21Z
291ad005-c5c6-4a8e-8c12-c0a3f1323d2b,02826d21-c6d0-4dd2-bd5c-08124a6cee5a,2024-12-17T14:41:52Z
df9a26f8-da1a-4d41-9ac3-7e1422ac82c9,7dd68bbb-78e7-407c-916f-ab1b42c28bb8,2024-12-16T14:52:00Z
4859012f-45e6-4aa9-b8dc-54aa791d6ef2,ffe62d02-eea8-46d9-9b1c-f3fd025f1857,2024-12-16T14:50:55Z
1cd2f848-0b32-4a4a-a90e-517be3be966f,d49aee00-6765-4114-b147-c1d901d582a9,2024-12-17T14:50:57Z
03f34895-4bad-4107-92a9-d266a35d34f4,a1c0c46f-e98b-4dec-bc4a-14cf2cbb2eeb,2024-12-16T14:35:52Z
8bedae15-b6a3-4315-8db8-eeb75dc9e69a,e6c526b2-279c-4c6b-b597-f919f4d9730e,2024-12-14T14:18:36Z
c769110c-2e3d-4976-9404-b771f4869f68,c3196438-652e-4d14-aa9f-2a8ea704a57c,2024-12-17T14:54:46Z
3b9df179-9e12-44f3-8e63-647a1efe7ba2,68cc044e-209c-4df0-a6bc-57ce409f1116,2024-12-15T14:02:51Z
693f719c-4858-4a42-b1e1-7b7fa7f33e06,53c65fd6-2c0b-45b3-b380-b37d2d9f7f69,2024-12-17T14:52:10Z
3218a6ea-76fc-48a9-a7b8-60e77c14e9c0,d20bc370-6edc-4906-8d60-9fc4a32081c0,2024-12-15T14:55:08Z
d121d830-9513-4450-b53a-b3da9ba34f7f,718b828b-0445-43a3-ab47-1358c1ceef73,2024-12-17T14:59:38Z
8bedae15-b6a3-4315-8db8-eeb75dc9e69a,43783a48-973f-47e4-b1fe-fd87ff71bfc2,2024-12-16T14:21:15Z
4859012f-45e6-4aa9-b8dc-54aa791d6ef2,07d4e6fe-bc2f-454e-a8bd-0e57797b3de1,2024-12-18T14:11:33Z
f8ca2d09-990f-4408-bdfc-a0982d9e8a23,bf7f947a-8988-4774-8f2b-7fafea68587f,2024-12-18T14:24:25Z
3218a6ea-76fc-48a9-a7b8-60e77c14e9c0,63213725-9e89-40ed-89b5-cb684317957f,2024-12-15T14:43:22Z
1cd2f848-0b32-4a4a-a90e-517be3be966f,88df75d4-fa52-48c0-92e3-a20aa3edc86c,2024-12-14T14:33:52Z
f4cbd6c6-f592-4c3b-b29c-314adb075ef0,d49aee00-6765-4114-b147-c1d901d582a9,2024-12-18T14:29:42Z
c769110c-2e3d-4976-9404-b771f4869f68,b57e63b5-f0ac-495a-86fb-c325d76b72f1,2024-12-18T14:17:34Z
ad01bddd-538a-4969-acee-cc53e635c919,065cc2a5-fb17-4226-85cf-38aebcbc2700,2024-12-16T14:41:59Z
e64ab892-a46c-4db8-84c3-86a00fafdbb2,8077ca3b-3dac-4fad-96fd-dda3407d608c,2024-12-15T14:29:40Z
ad01bddd-538a-4969-acee-cc53e635c919,ca8f5565-22e2-4c03-a3eb-45ddbdae1d6c,2024-12-17T14:37:05Z
08153924-525f-4382-b21d-b304cff726ca,f8bb2028-b98c-4801-8043-abeee46a6859,2024-12-16T14:26:21Z
8bedae15-b6a3-4315-8db8-eeb75dc9e69a,15423fed-4ab7-4e6f-a357-d7bb71e047ed,2024-12-14T14:58:47Z
08153924-525f-4382-b21d-b304cff726ca,1d55b3b2-70ad-4830-bb9f-eaaf438a50c3,2024-12-17T15:03:15Z
21430b64-3cfb-46c4-aa68-762d56e279f3,078fece0-c032-4dbb-b676-7b8f733faf22,2024-12-15T15:46:47Z
693f719c-4858-4a42-b1e1-7b7fa7f33e06,4f431bc9-103b-45d4-a9a2-09b990ae4fef,2024-12-17T15:24:58Z
4859012f-45e6-4aa9-b8dc-54aa791d6ef2,c149b74c-dc3b-4cc8-92ce-a89f52163269,2024-12-16T15:42:29Z
c769110c-2e3d-4976-9404-b771f4869f68,5cb15a0d-bc47-45ab-8a87-7069e04201a7,2024-12-16T15:45:42Z
df9a26f8-da1a-4d41-9ac3-7e1422ac82c9,9e735de9-045d-4276-a100-4563bf323c25,2024-12-16T15:37:01Z
516dfda9-db8c-48b3-af55-1e160b05d25f,7854f2d8-7c2f-4f3b-ace9-bb9dabc0fc64,2024-12-17T15:29:58Z
ad01bddd-538a-4969-acee-cc53e635c919,9e735de9-045d-4276-a100-4563bf323c25,2024-12-16T15:18:20Z
de1a02dc-0974-4a93-9a34-3e13e7d5bcc9,624626f9-6c11-4da4-b240-b75e04129c9a,2024-12-13T15:37:36Z
53c691e0-2642-4a0d-aba2-e8577e85ad77,fd7c0870-23ae-4de6-86c9-71a45fa75238,2024-12-17T15:47:38Z
d6de9d4d-900a-47d5-9cb0-5f9492f343af,f539c647-d37d-4ed4-8b25-961ba15d7c9e,2024-12-13T15:44:48Z
291ad005-c5c6-4a8e-8c12-c0a3f1323d2b,7ee262b3-bea1-48c5-b84d-4369d7cccb59,2024-12-15T15:40:26Z
77789e4d-6897-4515-93f8-b4483e0991da,abcbadd2-6354-4939-9684-ff0e1a50124c,2024-12-16T15:21:05Z
08153924-525f-4382-b21d-b304cff726ca,2e13d414-5282-4a4a-af03-4c4c8989c817,2024-12-14T15:04:57Z
88bc295e-cabc-483b-baa4-aef568a28cba,a67859e8-b097-4e87-92e0-16c30e2cf9f0,2024-12-16T15:11:10Z
4859012f-45e6-4aa9-b8dc-54aa791d6ef2,89e3f829-4d9d-4a83-8e17-9c8a2d048b69,2024-12-15T15:22:11Z
fec7dbb7-f0d3-497d-8547-3da0e168b94d,cad64f9b-7d99-4bc0-b46d-2148a3a4bcb8,2024-12-13T15:51:22Z
754f0faf-2a76-4132-bc0e-2a9b73ffddf7,c6fc63e6-074d-4967-bc0a-7f6c45d5949d,2024-12-16T15:45:42Z
d121d830-9513-4450-b53a-b3da9ba34f7f,c1486544-9aaa-4af3-b021-2a11895e9fe7,2024-12-15T15:46:32Z
e1c6fd92-9e02-44cc-bda5-b30bb37606ac,63c81473-8cce-4a22-bc16-69dcdbfcdf4b,2024-12-17T15:02:20Z
f8ca2d09-990f-4408-bdfc-a0982d9e8a23,63ac58e8-473a-41c2-a308-e235b8b5c93c,2024-12-16T15:26:10Z
03f34895-4bad-4107-92a9-d266a35d34f4,b8d6a45c-8bac-41c8-b7f4-da454e7a6cd8,2024-12-14T15:31:32Z
e1c6fd92-9e02-44cc-bda5-b30bb37606ac,5335b3c0-442d-4cef-9c86-35f457266a7b,2024-12-17T15:52:27Z
88bc295e-cabc-483b-baa4-aef568a28cba,0dbfbc43-e2c6-44f8-912e-c33e1c93cc92,2024-12-15T15:19:58Z
21aacf75-c33a-4108-88f5-8f0e835017c4,2238fe08-c6f1-4d3d-b04f-2b085b285fa3,2024-12-17T15:54:01Z
09dc78ad-92f4-4fd4-9de7-a00220e8f849,f761d3fb-929e-4550-8dd4-58cd25b3b3f0,2024-12-16T15:56:50Z
12208683-36ef-43ff-bd96-1b55ceb5c1bb,dabd1e89-c8de-4856-a2c0-2c39b50af51e,2024-12-17T16:34:49Z
2c3f978a-8ddd-4e14-8523-30c22d6196b3,030ecf77-e651-47b9-b30c-1cd21558a297,2024-12-15T16:34:56Z
ffa175c1-af0c-472a-ac66-19795a9d3565,c975b693-e453-41b0-a3bf-90d30bb61ceb,2024-12-14T16:17:07Z
fec7dbb7-f0d3-497d-8547-3da0e168b94d,9f528680-d07c-4d48-af21-419d9996e7cd,2024-12-13T16:13:21Z
291ad005-c5c6-4a8e-8c12-c0a3f1323d2b,bb8c5465-566e-4eed-96c6-38461ca2d73a,2024-12-16T16:23:32Z
ebb9e125-5b1f-4735-80e3-2756c5ae390a,eba439ed-4221-4d0a-a1c9-5d048f612654,2024-12-16T16:53:06Z
bf801961-188d-43d1-b1fb-fb29fa04514f,5cb15a0d-bc47-45ab-8a87-7069e04201a7,2024-12-17T16:31:01Z
8c1c8b1c-8cf8-490e-b48f-2b5b7b002a40,03208956-442c-488b-a13c-42cf404181e4,2024-12-14T16:43:17Z
f8ca2d09-990f-4408-bdfc-a0982d9e8a23,9168dbea-9729-4189-9290-1c606b5bea1b,2024-12-16T16:10:11Z
79f3f279-2052-4c90-b18f-6439649ee202,030ecf77-e651-47b9-b30c-1cd21558a297,2024-12-16T16:26:51Z
7c25480c-66e3-40ba-9736-52fd9b4e3bf5,f7038c6f-d395-4b83-8586-ce732b1bc1f2,2024-12-16T16:06:11Z
29b70f02-72f0-4a19-a26b-87e7919f14ec,030ecf77-e651-47b9-b30c-1cd21558a297,2024-12-17T16:11:37Z
693f719c-4858-4a42-b1e1-7b7fa7f33e06,5baa09b9-528f-42d6-a3f8-3ad10c8a169d,2024-12-13T16:09:30Z
ebb9e125-5b1f-4735-80e3-2756c5ae390a,5d7f9785-11e9-4733-843e-0e4d540b201f,2024-12-15T16:27:26Z
fc09727d-7317-45d6-bbbb-ca19a044b567,b8c6ffa2-dacb-4d93-92a0-d125ed5cb7ab,2024-12-17T16:00:31Z
79f3f279-2052-4c90-b18f-6439649ee202,8207710c-832b-4fc2-98c7-d906eb7c012e,2024-12-17T16:51:11Z
79f3f279-2052-4c90-b18f-6439649ee202,3d5562c3-21ba-4db2-b76d-6fd585c72c6f,2024-12-17T16:56:28Z
fc09727d-7317-45d6-bbbb-ca19a044b567,b8d6a45c-8bac-41c8-b7f4-da454e7a6cd8,2024-12-14T16:52:53Z
77789e4d-6897-4515-93f8-b4483e0991da,f2bec6b3-beed-4296-bca7-505a9d5106e8,2024-12-15T16:58:17Z
a8c76b4f-b8b1-458c-ab43-0bfcf69e9957,0dbfbc43-e2c6-44f8-912e-c33e1c93cc92,2024-12-14T16:58:07Z
7c25480c-66e3-40ba-9736-52fd9b4e3bf5,b57e63b5-f0ac-495a-86fb-c325d76b72f1,2024-12-16T16:18:37Z
754f0faf-2a76-4132-bc0e-2a9b73ffddf7,1ea88b30-3b97-495f-98ab-e1050db79198,2024-12-16T16:48:24Z
e72abd83-97d6-4bc7-9c1e-4508c460fcf2,dcdbc051-28d8-4017-9845-c8ca80a64459,2024-12-17T17:20:10Z
301f1502-2107-4bb7-b4c3-f33d341f0918,97b3cc70-f3e4-4720-be2d-c4373b14076c,2024-12-16T17:40:25Z
c769110c-2e3d-4976-9404-b771f4869f68,16aa0132-57b9-4330-ab5c-3ad0a7912a1f,2024-12-17T17:10:03Z
1cd2f848-0b32-4a4a-a90e-517be3be966f,c1486544-9aaa-4af3-b021-2a11895e9fe7,2024-12-14T17:42:07Z
ebb9e125-5b1f-4735-80e3-2756c5ae390a,76c71e5a-c7fe-4aec-aeaf-f96b6d73945a,2024-12-15T17:50:09Z
c7f140e0-7397-46c1-a959-be4620f80d7f,c3196438-652e-4d14-aa9f-2a8ea704a57c,2024-12-14T17:21:30Z
08153924-525f-4382-b21d-b304cff726ca,63213725-9e89-40ed-89b5-cb684317957f,2024-12-17T17:02:12Z
bbf93f8f-1566-45fe-bb17-0804006510c6,e24ec255-c8c7-4e23-971f-9da1ebfa8bf0,2024-12-14T17:54:11Z
3b9df179-9e12-44f3-8e63-647a1efe7ba2,d26dc5c5-247f-4466-bb59-dc9e39c8a9be,2024-12-15T17:16:07Z
21430b64-3cfb-46c4-aa68-762d56e279f3,5fee8d3a-d517-46fb-8fe4-95635d6167fb,2024-12-15T17:49:37Z
12208683-36ef-43ff-bd96-1b55ceb5c1bb,8064c2c2-a4b7-44d1-a594-8d53843b595f,2024-12-17T17:28:25Z
7c25480c-66e3-40ba-9736-52fd9b4e3bf5,ff31368d-b10b-408e-9a4a-c5b8f9ea3e4a,2024-12-17T17:50:18Z
08153924-525f-4382-b21d-b304cff726ca,43783a48-973f-47e4-b1fe-fd87ff71bfc2,2024-12-14T17:50:30Z
59c589e0-2075-4fcc-8e27-c3603ab6c7a5,5d9c68cd-2e7f-46e5-bf99-095a75fda8fe,2024-12-17T17:49:41Z
291ad005-c5c6-4a8e-8c12-c0a3f1323d2b,88afdb5d-d3c8-4b54-b8ae-5171c28d76c6,2024-12-13T17:48:27Z
03f34895-4bad-4107-92a9-d266a35d34f4,1364c11c-6c7a-432c-a4bd-1ea8ce23fcea,2024-12-17T17:52:30Z
79f3f279-2052-4c90-b18f-6439649ee202,c6c5ef5e-fb22-4da6-a993-6394ec44fb42,2024-12-17T17:56:34Z
bf801961-188d-43d1-b1fb-fb29fa04514f,5d647964-2c3c-4322-9404-13da47921895,2024-12-17T17:36:33Z
29b70f02-72f0-4a19-a26b-87e7919f14ec,7f0fcc29-6b67-4131-bf97-df36c7e76e21,2024-12-17T17:10:58Z
f4cbd6c6-f592-4c3b-b29c-314adb075ef0,89e3f829-4d9d-4a83-8e17-9c8a2d048b69,2024-12-14T17:42:06Z
03f34895-4bad-4107-92a9-d266a35d34f4,dabd1e89-c8de-4856-a2c0-2c39b50af51e,2024-12-15T17:15:54Z
41f29498-703e-417d-8021-f06a3251822a,54fffddd-5e75-4519-964e-72e2d9d3fcbf,2024-12-13T17:58:30Z
59c589e0-2075-4fcc-8e27-c3603ab6c7a5,c6c5ef5e-fb22-4da6-a993-6394ec44fb42,2024-12-14T17:12:33Z
c7f140e0-7397-46c1-a959-be4620f80d7f,9b2f60ae-d0cc-40af-a4d0-a703da68683b,2024-12-14T17:05:24Z
d6de9d4d-900a-47d5-9cb0-5f9492f343af,08a56c9f-ec84-4f47-b2c9-1a54ce0512d7,2024-12-13T17:43:27Z
a8c76b4f-b8b1-458c-ab43-0bfcf69e9957,9f9d1554-b9a3-4736-9e54-3da84ee924fb,2024-12-14T17:41:28Z
59c589e0-2075-4fcc-8e27-c3603ab6c7a5,d50748f1-d497-4dff-aa03-f8326ae06520,2024-12-14T17:22:16Z
f4cbd6c6-f592-4c3b-b29c-314adb075ef0,6cfbe587-17cc-48d3-b990-9b202cd4c375,2024-12-16T17:22:24Z
1cd2f848-0b32-4a4a-a90e-517be3be966f,ffe62d02-eea8-46d9-9b1c-f3fd025f1857,2024-12-16T17:53:31Z
d6de9d4d-900a-47d5-9cb0-5f9492f343af,14821b1c-50b9-48f3-8b42-5730c6e04609,2024-12-16T17:12:19Z
d6de9d4d-900a-47d5-9cb0-5f9492f343af,ebf9cd9c-a34c-47af-8824-bac71a813246,2024-12-17T17:10:19Z
f4cbd6c6-f592-4c3b-b29c-314adb075ef0,f255cc31-d44c-4a06-8fa5-a22de9e1b909,2024-12-13T17:24:49Z
93372a13-6431-41b3-a062-efaff946d541,c149b74c-dc3b-4cc8-92ce-a89f52163269,2024-12-13T17:13:36Z
f8ca2d09-990f-4408-bdfc-a0982d9e8a23,5bbd1581-e65f-4ed4-addd-95f905a23dac,2024-12-13T17:31:52Z
fec7dbb7-f0d3-497d-8547-3da0e168b94d,a91afe28-0ed0-4428-aa0b-558a821b3f87,2024-12-14T18:50:46Z
d121d830-9513-4450-b53a-b3da9ba34f7f,c975b693-e453-41b0-a3bf-90d30bb61ceb,2024-12-15T18:43:29Z
41f29498-703e-417d-8021-f06a3251822a,88df75d4-fa52-48c0-92e3-a20aa3edc86c,2024-12-16T18:46:25Z
d121d830-9513-4450-b53a-b3da9ba34f7f,362d203e-10c1-4265-88f2-110973afc021,2024-12-16T18:08:47Z
41f29498-703e-417d-8021-f06a3251822a,ffe62d02-eea8-46d9-9b1c-f3fd025f1857,2024-12-16T18:19:06Z
7c25480c-66e3-40ba-9736-52fd9b4e3bf5,0428823c-66ec-4394-b756-23a3ae449fcd,2024-12-16T18:19:13Z
e1c6fd92-9e02-44cc-bda5-b30bb37606ac,14f65e9d-f199-4986-824f-8e91c2320109,2024-12-13T18:38:03Z
7c25480c-66e3-40ba-9736-52fd9b4e3bf5,d26dc5c5-247f-4466-bb59-dc9e39c8a9be,2024-12-17T18:17:01Z
93372a13-6431-41b3-a062-efaff946d541,1f421d20-1864-4447-a6e4-d01fc12d8008,2024-12-15T18:17:10Z
93372a13-6431-41b3-a062-efaff946d541,ac1f529e-0dd8-44b1-8105-2585e332a25d,2024-12-16T18:49:14Z
e1c6fd92-9e02-44cc-bda5-b30bb37606ac,ca8f5565-22e2-4c03-a3eb-45ddbdae1d6c,2024-12-17T18:21:43Z
754f0faf-2a76-4132-bc0e-2a9b73ffddf7,d984660f-e277-47de-8ee7-7749665b2448,2024-12-17T18:31:56Z
8bedae15-b6a3-4315-8db8-eeb75dc9e69a,9168dbea-9729-4189-9290-1c606b5bea1b,2024-12-14T18:53:15Z
d121d830-9513-4450-b53a-b3da9ba34f7f,c5d7c65b-fc07-423c-8888-1051bde64efa,2024-12-17T18:37:40Z
4859012f-45e6-4aa9-b8dc-54aa791d6ef2,21ca3524-d25c-4f35-98ae-dc231b50860d,2024-12-16T18:17:47Z
754f0faf-2a76-4132-bc0e-2a9b73ffddf7,f7038c6f-d395-4b83-8586-ce732b1bc1f2,2024-12-16T18:03:31Z
e64ab892-a46c-4db8-84c3-86a00fafdbb2,16bfd75b-bc97-4add-97dd-1643ba61494a,2024-12-16T18:39:09Z
d121d830-9513-4450-b53a-b3da9ba34f7f,69a882b6-316b-4545-96df-7e93b3b5fe37,2024-12-15T18:21:09Z
59c589e0-2075-4fcc-8e27-c3603ab6c7a5,be89ee2a-7bd2-4e72-a212-a143ef7946b0,2024-12-13T18:33:07Z
d6de9d4d-900a-47d5-9cb0-5f9492f343af,e009c978-86f9-482c-92e3-bcb61ccbe50a,2024-12-15T18:59:21Z
08153924-525f-4382-b21d-b304cff726ca,8f2b03d9-a029-443b-99d7-7b0db6c80cdc,2024-12-15T18:44:25Z
8bedae15-b6a3-4315-8db8-eeb75dc9e69a,5d7f9785-11e9-4733-843e-0e4d540b201f,2024-12-17T18:11:51Z
de1a02dc-0974-4a93-9a34-3e13e7d5bcc9,06f23c95-75af-47b1-a7c4-1338159aa13f,2024-12-17T18:26:10Z
ffa175c1-af0c-472a-ac66-19795a9d3565,08a56c9f-ec84-4f47-b2c9-1a54ce0512d7,2024-12-17T18:23:25Z
08153924-525f-4382-b21d-b304cff726ca,e145c63c-3d2e-49a9-9be2-c6e1e12e0157,2024-12-16T18:06:30Z
693f719c-4858-4a42-b1e1-7b7fa7f33e06,c3196438-652e-4d14-aa9f-2a8ea704a57c,2024-12-16T18:38:24Z
3218a6ea-76fc-48a9-a7b8-60e77c14e9c0,2829189f-4178-4077-96e4-8cbfa69485a3,2024-12-16T18:28:54Z
d121d830-9513-4450-b53a-b3da9ba34f7f,c890e052-a0ea-4638-a187-6574127750eb,2024-12-13T18:09:09Z
29b70f02-72f0-4a19-a26b-87e7919f14ec,2c9b843c-15ec-49b8-a364-92b9638d9c39,2024-12-15T18:39:32Z
c7f140e0-7397-46c1-a959-be4620f80d7f,84333da1-49fc-4118-aeba-56c2146df39b,2024-12-17T18:13:21Z
f4cbd6c6-f592-4c3b-b29c-314adb075ef0,3d5562c3-21ba-4db2-b76d-6fd585c72c6f,2024-12-14T19:15:48Z
c769110c-2e3d-4976-9404-b771f4869f68,ac1f529e-0dd8-44b1-8105-2585e332a25d,2024-12-16T14:09:10Z
9bd42fe3-f689-4161-8196-a12ca530cc4a,c6fc63e6-074d-4967-bc0a-7f6c45d5949d,2024-12-14T16:13:43Z
754f0faf-2a76-4132-bc0e-2a9b73ffddf7,5baa09b9-528f-42d6-a3f8-3ad10c8a169d,2024-12-15T14:28:44Z
301f1502-2107-4bb7-b4c3-f33d341f0918,59a06216-16ea-49ff-863f-49ee77354fed,2024-12-17T10:26:29Z
9bd42fe3-f689-4161-8196-a12ca530cc4a,c1486544-9aaa-4af3-b021-2a11895e9fe7,2024-12-15T14:47:55Z
3ba0b4a5-eed8-4ce2-9082-e219ab082b3c,5ce961d2-9299-4d78-a416-f171a4bb112a,2024-12-13T12:01:45Z
797541c8-6294-47b7-9f00-430af6d919c6,54fffddd-5e75-4519-964e-72e2d9d3fcbf,2024-12-16T18:59:17Z
c769110c-2e3d-4976-9404-b771f4869f68,b8d6a45c-8bac-41c8-b7f4-da454e7a6cd8,2024-12-14T11:40:15Z
ebb9e125-5b1f-4735-80e3-2756c5ae390a,9f528680-d07c-4d48-af21-419d9996e7cd,2024-12-13T15:19:26Z
21430b64-3cfb-46c4-aa68-762d56e279f3,878769cf-07d3-4784-ad01-cb6f0a167c59,2024-12-16T17:12:38Z
03f34895-4bad-4107-92a9-d266a35d34f4,b76fd444-36c2-4938-8f42-ad33f7ee1c85,2024-12-16T12:13:12Z
301f1502-2107-4bb7-b4c3-f33d341f0918,1ca4b2cc-1f63-4dde-b0ca-8da51b470128,2024-12-14T16:46:42Z
59c589e0-2075-4fcc-8e27-c3603ab6c7a5,06f23c95-75af-47b1-a7c4-1338159aa13f,2024-12-13T17:53:59Z
f8ca2d09-990f-4408-bdfc-a0982d9e8a23,8af5cb3b-80c2-4433-beea-6deba033d0b0,2024-12-14T15:30:05Z
291ad005-c5c6-4a8e-8c12-c0a3f1323d2b,caa1760e-cb43-42c3-bb04-dfc18c6726da,2024-12-15T17:46:02Z
3ba0b4a5-eed8-4ce2-9082-e219ab082b3c,ef83bc9f-7204-4e0a-9b17-fefa7cc0dbca,2024-12-17T14:32:15Z
6b26e9d1-8cd2-4cfa-9f01-a0a652d3bc50,8207710c-832b-4fc2-98c7-d906eb7c012e,2024-12-16T19:39:38Z
d6de9d4d-900a-47d5-9cb0-5f9492f343af,4ee88d98-62e2-49be-b7fc-a401cabc2f03,2024-12-14T16:30:16Z
79f3f279-2052-4c90-b18f-6439649ee202,ebfbeaac-b80f-4ba8-b3e4-e6770397e0e5,2024-12-16T13:31:01Z
a1be0116-5f8c-4c4c-9998-bb884b38c14a,ae7206a4-c991-4d41-a54f-d245b43d1074,2024-12-17T14:23:32Z
53c691e0-2642-4a0d-aba2-e8577e85ad77,d4de365b-20ef-4843-9bcc-00079a01b2b0,2024-12-15T17:41:07Z
12208683-36ef-43ff-bd96-1b55ceb5c1bb,5fee8d3a-d517-46fb-8fe4-95635d6167fb,2024-12-17T18:39:48Z
e1c6fd92-9e02-44cc-bda5-b30bb37606ac,8083c16a-8389-43c0-a971-4ee346d2e207,2024-12-13T13:33:33Z
3218a6ea-76fc-48a9-a7b8-60e77c14e9c0,c6fc63e6-074d-4967-bc0a-7f6c45d5949d,2024-12-15T13:16:21Z
9bd42fe3-f689-4161-8196-a12ca530cc4a,b8d6a45c-8bac-41c8-b7f4-da454e7a6cd8,2024-12-16T15:21:54Z
12208683-36ef-43ff-bd96-1b55ceb5c1bb,cc927883-8896-47ad-a41d-b9109c9383b3,2024-12-16T15:31:58Z
c7f140e0-7397-46c1-a959-be4620f80d7f,9df08649-c065-4a42-bad0-9ac7766373e4,2024-12-14T17:44:55Z
7fdfb1f0-58bc-4330-9bb4-09ffa0d587a2,880acea7-6357-40e2-8892-5df88d0fb659,2024-12-13T10:20:18Z
301f1502-2107-4bb7-b4c3-f33d341f0918,d3c667fb-fadc-480f-a76c-c36338f26acb,2024-12-13T18:31:56Z
9bd42fe3-f689-4161-8196-a12ca530cc4a,36d5de91-0ae6-497f-a51e-2f9a756cf86b,2024-12-14T18:03:21Z
e72abd83-97d6-4bc7-9c1e-4508c460fcf2,f32c681c-7df5-4d88-bc28-fec2ebb6943b,2024-12-16T18:12:55Z
41f29498-703e-417d-8021-f06a3251822a,488cd174-5197-4f3c-9b08-262cbc19d6b6,2024-12-17T13:09:20Z
c769110c-2e3d-4976-9404-b771f4869f68,e550325b-4e22-433e-bfcb-55a3ee1073e8,2024-12-17T16:14:18Z
bbf93f8f-1566-45fe-bb17-0804006510c6,9e735de9-045d-4276-a100-4563bf323c25,2024-12-15T11:16:39Z
3218a6ea-76fc-48a9-a7b8-60e77c14e9c0,80c3819d-ce2d-47fb-a6aa-eb63c3ae0737,2024-12-15T12:52:17Z
c7f140e0-7397-46c1-a959-be4620f80d7f,ffe85b5f-e39a-4ca0-af80-fbd0de7beff4,2024-12-15T17:29:25Z
301f1502-2107-4bb7-b4c3-f33d341f0918,c6c5ef5e-fb22-4da6-a993-6394ec44fb42,2024-12-15T11:46:39Z
8bedae15-b6a3-4315-8db8-eeb75dc9e69a,f761d3fb-929e-4550-8dd4-58cd25b3b3f0,2024-12-17T11:54:56Z
08750979-db4c-4966-8a4a-1ff25a7c097f,464b7d8c-5e9c-412b-82cf-6fc84c72e686,2024-12-15T16:37:31Z
8c1c8b1c-8cf8-490e-b48f-2b5b7b002a40,e4217ed6-d8cd-44e8-aba6-04fb1866cf2d,2024-12-15T17:36:35Z
09dc78ad-92f4-4fd4-9de7-a00220e8f849,133e2aaf-201b-4f95-8ba0-6431a4d05968,2024-12-16T17:37:14Z
bf801961-188d-43d1-b1fb-fb29fa04514f,547c4dc1-0193-49e5-9b78-b77ff48fe717,2024-12-15T14:30:37Z
ffa175c1-af0c-472a-ac66-19795a9d3565,907b0afd-565f-43aa-aaca-acc030665d1a,2024-12-16T14:32:24Z
f4cbd6c6-f592-4c3b-b29c-314adb075ef0,2c9b843c-15ec-49b8-a364-92b9638d9c39,2024-12-14T10:12:19Z
fc09727d-7317-45d6-bbbb-ca19a044b567,06f23c95-75af-47b1-a7c4-1338159aa13f,2024-12-13T15:14:27Z
d121d830-9513-4450-b53a-b3da9ba34f7f,f32c681c-7df5-4d88-bc28-fec2ebb6943b,2024-12-17T14:57:00Z
f4cbd6c6-f592-4c3b-b29c-314adb075ef0,d984660f-e277-47de-8ee7-7749665b2448,2024-12-13T18:01:27Z
516dfda9-db8c-48b3-af55-1e160b05d25f,d62fc015-56a9-4705-a17e-df6b1b6bf27e,2024-12-15T13:17:21Z
291ad005-c5c6-4a8e-8c12-c0a3f1323d2b,fd7c0870-23ae-4de6-86c9-71a45fa75238,2024-12-14T16:29:53Z
ad01bddd-538a-4969-acee-cc53e635c919,f8d7d210-b35e-48c0-877e-a2dd4a193403,2024-12-13T16:34:32Z
291ad005-c5c6-4a8e-8c12-c0a3f1323d2b,24c564aa-93f1-4735-b257-a80e56686a94,2024-12-13T15:30:52Z
7fdfb1f0-58bc-4330-9bb4-09ffa0d587a2,a08dfca4-273c-468f-a664-2bdb25d67551,2024-12-16T10:29:37Z
fc09727d-7317-45d6-bbbb-ca19a044b567,1f421d20-1864-4447-a6e4-d01fc12d8008,2024-12-17T11:27:02Z
ad01bddd-538a-4969-acee-cc53e635c919,8f81c52f-2e65-4b01-b259-4ce2b6f6dbc8,2024-12-17T13:35:35Z
3218a6ea-76fc-48a9-a7b8-60e77c14e9c0,84333da1-49fc-4118-aeba-56c2146df39b,2024-12-15T16:25:46Z
1cd2f848-0b32-4a4a-a90e-517be3be966f,507baf17-6f43-4e9d-abad-ad85ec079fe9,2024-12-15T18:42:43Z
53c691e0-2642-4a0d-aba2-e8577e85ad77,15009d8f-05c0-4a80-a306-ea9d47bd5b1f,2024-12-17T14:04:40Z
c7f140e0-7397-46c1-a959-be4620f80d7f,c5d7c65b-fc07-423c-8888-1051bde64efa,2024-12-17T12:18:22Z
3218a6ea-76fc-48a9-a7b8-60e77c14e9c0,16aa0132-57b9-4330-ab5c-3ad0a7912a1f,2024-12-17T15:03:37Z
e72abd83-97d6-4bc7-9c1e-4508c460fcf2,53c65fd6-2c0b-45b3-b380-b37d2d9f7f69,2024-12-15T10:31:11Z
a1be0116-5f8c-4c4c-9998-bb884b38c14a,ef9892f1-c886-42f6-ad77-590031e3b336,2024-12-15T14:10:34Z
d6de9d4d-900a-47d5-9cb0-5f9492f343af,2c9b843c-15ec-49b8-a364-92b9638d9c39,2024-12-16T17:15:31Z
2c3f978a-8ddd-4e14-8523-30c22d6196b3,64032de3-21f1-4212-a44e-5eabf1269295,2024-12-17T14:21:45Z
bf801961-188d-43d1-b1fb-fb29fa04514f,0808644e-b1ac-4687-a08f-10c2171e0fd5,2024-12-16T15:58:00Z
fc09727d-7317-45d6-bbbb-ca19a044b567,96c8053e-18a4-4430-a38b-6f6170400294,2024-12-13T17:04:22Z
79f3f279-2052-4c90-b18f-6439649ee202,bce0776d-3372-4e80-9ddf-7da3c344f51c,2024-12-13T19:27:32Z
03f34895-4bad-4107-92a9-d266a35d34f4,ae7206a4-c991-4d41-a54f-d245b43d1074,2024-12-14T10:25:01Z
fc09727d-7317-45d6-bbbb-ca19a044b567,8083c16a-8389-43c0-a971-4ee346d2e207,2024-12-17T11:23:59Z
1cd2f848-0b32-4a4a-a90e-517be3be966f,3f9f0506-4bae-495b-9d3f-0bd16911343b,2024-12-15T10:12:08Z
ffa175c1-af0c-472a-ac66-19795a9d3565,b57a2d09-d04b-481d-bf02-a2f957bed151,2024-12-13T14:16:52Z
e1c6fd92-9e02-44cc-bda5-b30bb37606ac,6342d87b-3c95-4889-980d-78012edbb690,2024-12-16T17:36:42Z
6b26e9d1-8cd2-4cfa-9f01-a0a652d3bc50,7dd68bbb-78e7-407c-916f-ab1b42c28bb8,2024-12-13T17:53:49Z
7fdfb1f0-58bc-4330-9bb4-09ffa0d587a2,b8c6ffa2-dacb-4d93-92a0-d125ed5cb7ab,2024-12-16T15:09:00Z
d6de9d4d-900a-47d5-9cb0-5f9492f343af,07d4e6fe-bc2f-454e-a8bd-0e57797b3de1,2024-12-17T19:37:33Z
fc09727d-7317-45d6-bbbb-ca19a044b567,a3c17f15-68cf-4039-9219-67de465be492,2024-12-13T10:29:28Z
c7f140e0-7397-46c1-a959-be4620f80d7f,b2cc6960-12c9-42b1-b614-2638cd89ab15,2024-12-17T13:28:49Z
1cd2f848-0b32-4a4a-a90e-517be3be966f,5cb15a0d-bc47-45ab-8a87-7069e04201a7,2024-12-16T14:55:49Z
e72abd83-97d6-4bc7-9c1e-4508c460fcf2,171169c8-b1a0-4f90-8372-381f09aa3032,2024-12-13T15:29:36Z
e1c6fd92-9e02-44cc-bda5-b30bb37606ac,d50748f1-d497-4dff-aa03-f8326ae06520,2024-12-17T18:21:10Z
d121d830-9513-4450-b53a-b3da9ba34f7f,c3196438-652e-4d14-aa9f-2a8ea704a57c,2024-12-13T12:37:46Z
cc1a9863-4dc2-49cd-83e4-9c1964f639f6,9bc34429-a65f-4018-b636-ada0dcf5cca2,2024-12-17T11:17:57Z
12208683-36ef-43ff-bd96-1b55ceb5c1bb,f81066b0-e25f-461b-9490-a7d4562eeccb,2024-12-13T18:07:33Z
f4cbd6c6-f592-4c3b-b29c-314adb075ef0,f7840b71-d1d1-440f-8eb0-7104aa701e40,2024-12-13T19:59:47Z
4859012f-45e6-4aa9-b8dc-54aa791d6ef2,03208956-442c-488b-a13c-42cf404181e4,2024-12-15T14:27:24Z
693f719c-4858-4a42-b1e1-7b7fa7f33e06,f70ca411-6ca0-4150-aa78-a8a68ebc7e95,2024-12-13T18:44:20Z
291ad005-c5c6-4a8e-8c12-c0a3f1323d2b,dbcb582f-60ce-434f-984c-b4146bd0588e,2024-12-13T17:33:17Z
de1a02dc-0974-4a93-9a34-3e13e7d5bcc9,312139c1-14d2-4beb-972d-0ef0bf1381b1,2024-12-16T11:51:57Z
301f1502-2107-4bb7-b4c3-f33d341f0918,ec7f57fb-0922-4382-a8b9-4d14cb95dae8,2024-12-16T17:59:00Z
d6de9d4d-900a-47d5-9cb0-5f9492f343af,14f65e9d-f199-4986-824f-8e91c2320109,2024-12-16T13:53:45Z
e72abd83-97d6-4bc7-9c1e-4508c460fcf2,8064c2c2-a4b7-44d1-a594-8d53843b595f,2024-12-13T12:55:54Z
df9a26f8-da1a-4d41-9ac3-7e1422ac82c9,fc6a9def-cd00-42ad-8b54-1fcf1c27d9de,2024-12-17T11:38:53Z
301f1502-2107-4bb7-b4c3-f33d341f0918,69a882b6-316b-4545-96df-7e93b3b5fe37,2024-12-16T11:59:35Z
7fdfb1f0-58bc-4330-9bb4-09ffa0d587a2,ff31368d-b10b-408e-9a4a-c5b8f9ea3e4a,2024-12-17T15:35:41Z
754f0faf-2a76-4132-bc0e-2a9b73ffddf7,4e36a5cf-fcb9-43e5-bc82-33f1f60846a0,2024-12-14T17:27:36Z
3218a6ea-76fc-48a9-a7b8-60e77c14e9c0,6342d87b-3c95-4889-980d-78012edbb690,2024-12-16T11:08:44Z
ad01bddd-538a-4969-acee-cc53e635c919,b3afd3fd-a056-4a6e-8fc3-fb17ead95ceb,2024-12-15T14:18:18Z
ffa175c1-af0c-472a-ac66-19795a9d3565,c149b74c-dc3b-4cc8-92ce-a89f52163269,2024-12-15T19:13:07Z
93372a13-6431-41b3-a062-efaff946d541,5d647964-2c3c-4322-9404-13da47921895,2024-12-15T10:50:56Z
cc1a9863-4dc2-49cd-83e4-9c1964f639f6,63213725-9e89-40ed-89b5-cb684317957f,2024-12-16T18:16:27Z
bf801961-188d-43d1-b1fb-fb29fa04514f,92a61f29-88e9-4845-b748-f3279eb138f3,2024-12-17T16:10:23Z
21430b64-3cfb-46c4-aa68-762d56e279f3,9f3891fc-6555-49f6-ae2c-c6840a293028,2024-12-15T14:38:06Z
08153924-525f-4382-b21d-b304cff726ca,7f0fcc29-6b67-4131-bf97-df36c7e76e21,2024-12-16T10:06:30Z
693f719c-4858-4a42-b1e1-7b7fa7f33e06,20b6f4d1-71c2-486d-b909-7bb53c651346,2024-12-13T14:24:11Z
79f3f279-2052-4c90-b18f-6439649ee202,f81066b0-e25f-461b-9490-a7d4562eeccb,2024-12-14T18:55:56Z
77789e4d-6897-4515-93f8-b4483e0991da,19067d7f-1b62-4f9d-b0b9-1005f1ef5f45,2024-12-14T10:40:19Z
291ad005-c5c6-4a8e-8c12-c0a3f1323d2b,312139c1-14d2-4beb-972d-0ef0bf1381b1,2024-12-16T16:17:35Z
a1be0116-5f8c-4c4c-9998-bb884b38c14a,9bc34429-a65f-4018-b636-ada0dcf5cca2,2024-12-17T14:04:03Z
9bd42fe3-f689-4161-8196-a12ca530cc4a,7ceddddd-7108-4ff6-be94-c6b6a780f41a,2024-12-17T19:01:06Z
3b9df179-9e12-44f3-8e63-647a1efe7ba2,59d71c08-cad3-4bd5-a1b6-5283bd56dc64,2024-12-15T18:37:38Z
09dc78ad-92f4-4fd4-9de7-a00220e8f849,f9c8e52b-17c3-4355-a593-73dcc89a070e,2024-12-14T18:25:07Z
3b9df179-9e12-44f3-8e63-647a1efe7ba2,5fee8d3a-d517-46fb-8fe4-95635d6167fb,2024-12-16T13:31:48Z
93372a13-6431-41b3-a062-efaff946d541,20dfd8ea-1636-43ea-99e2-b20325336287,2024-12-14T16:58:56Z
e1c6fd92-9e02-44cc-bda5-b30bb37606ac,eba439ed-4221-4d0a-a1c9-5d048f612654,2024-12-17T12:29:14Z
77789e4d-6897-4515-93f8-b4483e0991da,09310e50-c9e4-474c-958c-5f5e011a3bc3,2024-12-15T18:33:30Z
fc09727d-7317-45d6-bbbb-ca19a044b567,ef83bc9f-7204-4e0a-9b17-fefa7cc0dbca,2024-12-16T18:53:53Z
f4cbd6c6-f592-4c3b-b29c-314adb075ef0,7a351d97-7d7a-4ccb-a4c8-bf7a9d06c5f7,2024-12-13T17:01:33Z
d6de9d4d-900a-47d5-9cb0-5f9492f343af,7854f2d8-7c2f-4f3b-ace9-bb9dabc0fc64,2024-12-17T16:31:19Z
fec7dbb7-f0d3-497d-8547-3da0e168b94d,36d5de91-0ae6-497f-a51e-2f9a756cf86b,2024-12-13T15:19:46Z
ca3222f6-860b-4784-9c59-381d487fdd9c,c149b74c-dc3b-4cc8-92ce-a89f52163269,2024-12-13T13:01:00Z
29b70f02-72f0-4a19-a26b-87e7919f14ec,4e4d57fe-f16b-4e87-94f4-becceb6de815,2024-12-13T18:52:57Z
754f0faf-2a76-4132-bc0e-2a9b73ffddf7,46f34379-03e8-4f9d-851b-e0274143ad83,2024-12-16T13:21:15Z
93372a13-6431-41b3-a062-efaff946d541,9f02aaf6-58d3-44da-8aa0-726865bb672c,2024-12-13T16:05:19Z
c7f140e0-7397-46c1-a959-be4620f80d7f,2829189f-4178-4077-96e4-8cbfa69485a3,2024-12-17T17:22:53Z
21430b64-3cfb-46c4-aa68-762d56e279f3,718b828b-0445-43a3-ab47-1358c1ceef73,2024-12-17T10:21:07Z
8c1c8b1c-8cf8-490e-b48f-2b5b7b002a40,f2bec6b3-beed-4296-bca7-505a9d5106e8,2024-12-13T12:48:55Z
29b70f02-72f0-4a19-a26b-87e7919f14ec,c6c5ef5e-fb22-4da6-a993-6394ec44fb42,2024-12-14T15:46:31Z
ebb9e125-5b1f-4735-80e3-2756c5ae390a,362d203e-10c1-4265-88f2-110973afc021,2024-12-14T14:15:41Z
3ba0b4a5-eed8-4ce2-9082-e219ab082b3c,11a715e4-bd5f-4d96-97c0-7357e1af279c,2024-12-15T18:16:27Z
ffa175c1-af0c-472a-ac66-19795a9d3565,bac808c3-9bd2-4b45-bf71-d0e572e3067d,2024-12-17T10:03:48Z
3ba0b4a5-eed8-4ce2-9082-e219ab082b3c,e4217ed6-d8cd-44e8-aba6-04fb1866cf2d,2024-12-16T11:36:08Z
fec7dbb7-f0d3-497d-8547-3da0e168b94d,b8d6a45c-8bac-41c8-b7f4-da454e7a6cd8,2024-12-14T12:31:55Z
41f29498-703e-417d-8021-f06a3251822a,0a643fe8-8b2d-4bd3-a973-facbb251d4b2,2024-12-14T16:32:25Z
e64ab892-a46c-4db8-84c3-86a00fafdbb2,a08dfca4-273c-468f-a664-2bdb25d67551,2024-12-17T16:49:52Z
59c589e0-2075-4fcc-8e27-c3603ab6c7a5,d49aee00-6765-4114-b147-c1d901d582a9,2024-12-14T16:07:14Z
74eabce0-ab32-461d-be6e-aa248fbae373,362d203e-10c1-4265-88f2-110973afc021,2024-12-16T13:57:52Z
516dfda9-db8c-48b3-af55-1e160b05d25f,21a40853-68d0-4c41-89c9-e6029c5015f5,2024-12-13T18:23:48Z